group,n_egfp_pos,n_egfp_neg,gene,score,logfoldchange,pval,pval_adj
Muller glia,205,1602,EGFP,23.343695,31.074837,1.5971446578499002e-120,3.1942893156998e-117
Muller glia,205,1602,krt8,10.520834,1.597504,6.925803532104463e-26,6.925803532104463e-23
Muller glia,205,1602,qki2,10.360404,1.4979179,3.753732882321989e-25,2.502488588214659e-22
Muller glia,205,1602,htra1b,10.123633,1.971674,4.339991792301332e-24,2.169995896150666e-21
Muller glia,205,1602,txn,10.031796,1.7712616,1.1048747875937852e-23,4.419499150375141e-21
Muller glia,205,1602,serpinb1,9.517171,1.6254815,1.7795816567741293e-21,5.931938855913765e-19
Muller glia,205,1602,s100a10b,9.381335,1.6253071,6.5142646636213e-21,1.8612184753203714e-18
Muller glia,205,1602,cd63,9.21337,1.4753592,3.160414032444243e-20,7.901035081110609e-18
Muller glia,205,1602,yap1,9.190412,1.1269795,3.913413199832477e-20,8.696473777405504e-18
Muller glia,205,1602,cxcl14,9.08379,1.7514154,1.0485839183063837e-19,2.0971678366127672e-17
Muller glia,205,1602,b2m,9.012354,1.441423,2.0168059983320685e-19,3.6669199969673976e-17
Muller glia,205,1602,tjp2b,8.939567,1.3567253,3.906987569243392e-19,6.511645948738987e-17
Muller glia,205,1602,ahnak,8.740895,1.1514211,2.31269680700615e-18,3.345690496524026e-16
Muller glia,205,1602,cadm4,8.739474,1.1665009,2.3419833475668183e-18,3.345690496524026e-16
Muller glia,205,1602,zgc:110339,8.63008,1.2128961,6.130886868587633e-18,7.827238993938698e-16
Muller glia,205,1602,BX908782.2,8.627664,2.258658,6.261791195150958e-18,7.827238993938698e-16
Muller glia,205,1602,sfxn5b,8.592407,1.1299459,8.516573546708865e-18,1.0019498290245724e-15
Muller glia,205,1602,cab39l1,8.574495,1.0779775,9.952243555584378e-18,1.1058048395093753e-15
Muller glia,205,1602,efna1b,8.5476265,1.3810511,1.2564556395953418e-17,1.3225848837845704e-15
Muller glia,205,1602,cd82a,8.536822,1.1715145,1.379636242809614e-17,1.3796362428096139e-15
Muller glia,205,1602,fosl2,8.521398,1.195526,1.5763933445194626e-17,1.5013269947804405e-15
Muller glia,205,1602,C25H11orf96,8.48081,1.0731294,2.2363079889203652e-17,2.0330072626548774e-15
Muller glia,205,1602,slc12a4,8.459273,1.4442167,2.6904983540582694e-17,2.326985458665089e-15
Muller glia,205,1602,ajap1,8.454937,1.4015532,2.792382550398107e-17,2.326985458665089e-15
Muller glia,205,1602,ddr1,8.444133,1.3269242,3.063112891237567e-17,2.4378847711838278e-15
Muller glia,205,1602,rnd3a,8.440152,1.2888021,3.169250202538976e-17,2.4378847711838278e-15
Muller glia,205,1602,vmp1,8.427216,1.2396419,3.5398802638605887e-17,2.6221335287856212e-15
Muller glia,205,1602,hspb1,8.391959,1.2562281,4.781068294465306e-17,3.373746025419419e-15
Muller glia,205,1602,pygl,8.388974,1.0716659,4.9040395519394094e-17,3.373746025419419e-15
Muller glia,205,1602,lrp1aa,8.385278,0.9183139,5.0606190381291284e-17,3.373746025419419e-15
Muller glia,205,1602,lgals2a,8.3427,1.4677161,7.261314980522166e-17,4.684719342272365e-15
Muller glia,205,1602,ctsla,8.332038,1.2557492,7.94624585835758e-17,4.966403661473488e-15
Muller glia,205,1602,zgc:195173,8.302966,1.1833855,1.0154406830249762e-16,6.154185957727128e-15
Muller glia,205,1602,c7b,8.259748,2.2849045,1.4597955453482456e-16,8.587032619695562e-15
Muller glia,205,1602,si:rp71-62i8.1,8.251503,1.1580657,1.5641438959458768e-16,8.937965119690724e-15
Muller glia,205,1602,arhgef12a,8.2432575,0.9502935,1.6758388248936028e-16,9.31021569385335e-15
Muller glia,205,1602,vim,8.219446,1.0597901,2.0444584097095839e-16,1.1051126538970724e-14
Muller glia,205,1602,tuft1a,8.198477,1.3592377,2.4345192560440086e-16,1.2813259242336888e-14
Muller glia,205,1602,gsta.1,8.171964,0.8591478,3.0340993411842294e-16,1.5559483800944765e-14
Muller glia,205,1602,npc2,8.161657,0.93779343,3.304597036028716e-16,1.6330065460875505e-14
Muller glia,205,1602,rgs16,8.160093,1.2242793,3.3476634194794787e-16,1.6330065460875505e-14
Muller glia,205,1602,zgc:174888,8.134646,1.0479385,4.131432504758671e-16,1.967348811789843e-14
Muller glia,205,1602,rdh8a,8.127538,0.9346272,4.380970705947481e-16,2.037660793463945e-14
Muller glia,205,1602,mmp9,8.120358,2.0090191,4.648071179746584e-16,2.0742962874582484e-14
Muller glia,205,1602,slc43a2b,8.119862,1.0935613,4.667166646781058e-16,2.0742962874582484e-14
Muller glia,205,1602,pwp1,8.102944,1.2733393,5.364490984306782e-16,2.3323873844812097e-14
Muller glia,205,1602,si:ch73-212j7.3,8.099106,1.3559879,5.536467162397646e-16,2.3559434733607002e-14
Muller glia,205,1602,ptpn13,8.095125,0.9305159,5.720550668383604e-16,2.3835627784931685e-14
Muller glia,205,1602,si:dkey-205h13.1,8.08759,1.0914196,6.085657424450382e-16,2.483941805898115e-14
Muller glia,205,1602,cdh6,8.081193,1.0182687,6.413606130777452e-16,2.5654424523109805e-14
Muller glia,205,1602,cryz,8.070176,1.1552672,7.019705498855664e-16,2.752825685825751e-14
Muller glia,205,1602,rap1b,8.057736,0.92265034,7.77200801606255e-16,2.98923385233175e-14
Muller glia,205,1602,plekha1a,8.043378,1.2297207,8.739505490087392e-16,3.2979266000329783e-14
Muller glia,205,1602,rnaseka,8.039682,1.4528527,9.007190483603242e-16,3.335996475408608e-14
Muller glia,205,1602,itgav,8.018287,0.94096446,1.0723033842824197e-15,3.8992850337542535e-14
Muller glia,205,1602,plxnb2a-1,7.9997344,1.2364957,1.2468775502040264e-15,4.453134107871523e-14
Muller glia,205,1602,sorbs3,7.9678903,0.9265431,1.614061045877953e-15,5.6633720907998346e-14
Muller glia,205,1602,her6,7.963199,1.1622026,1.6764763763673585e-15,5.780953021956408e-14
Muller glia,205,1602,gfap,7.949196,1.2714589,1.877259032551272e-15,6.36358994085177e-14
Muller glia,205,1602,atp1b1a,7.9066186,1.0919527,2.644746014306902e-15,8.815820047689673e-14
Muller glia,205,1602,zbtb16a,7.8794656,1.0212471,3.2878433106259875e-15,1.0779814133199959e-13
Muller glia,205,1602,rnf213a,7.859847,0.9482599,3.846023140814863e-15,1.2406526260693105e-13
Muller glia,205,1602,sparc,7.8406553,1.0458181,4.482010560036166e-15,1.4228604952495764e-13
Muller glia,205,1602,kctd12.2,7.8242354,1.2322879,5.107505610453742e-15,1.582203471765723e-13
Muller glia,205,1602,tmem47,7.8214636,0.97027445,5.221271456826886e-15,1.582203471765723e-13
Muller glia,205,1602,atp1a1b,7.8214636,1.1925548,5.221271456826886e-15,1.582203471765723e-13
Muller glia,205,1602,dip2ba,7.807247,0.8083447,5.845051058250551e-15,1.7447913606718062e-13
Muller glia,205,1602,pdgfrb,7.7932444,1.0186156,6.531014444562492e-15,1.9090951742258077e-13
Muller glia,205,1602,dpp6b,7.792178,1.2511692,6.586378351079037e-15,1.9090951742258077e-13
Muller glia,205,1602,atf5b,7.789406,1.0196722,6.7324956071921605e-15,1.9235701734834742e-13
Muller glia,205,1602,pho,7.7738395,0.94126683,7.614235225524498e-15,2.1448549931054926e-13
Muller glia,205,1602,trpm1b,7.766518,1.1413419,8.06731721558863e-15,2.2409214487746198e-13
Muller glia,205,1602,si:dkey-238o13.4,7.7249355,1.2378294,1.1190994074335972e-14,3.0660257737906777e-13
Muller glia,205,1602,tln1,7.7185383,0.98788875,1.1767132674917463e-14,3.1803061283560714e-13
Muller glia,205,1602,arhgef4,7.6898217,0.65683657,1.4734036076002826e-14,3.929076286934087e-13
Muller glia,205,1602,tmtc1,7.6650853,1.1168694,1.7871224845021347e-14,4.702953906584565e-13
Muller glia,205,1602,LRFN2,7.6510115,1.5562401,1.9940470370911725e-14,5.179342953483564e-13
Muller glia,205,1602,clstn3,7.6351604,0.9116472,2.2553959134064594e-14,5.783066444631947e-13
Muller glia,205,1602,col15a1b,7.633028,0.9344018,2.2930324715715912e-14,5.805145497649598e-13
Muller glia,205,1602,lrit1a,7.6295447,0.9980629,2.355838254234841e-14,5.848205971912495e-13
Muller glia,205,1602,mhc1zba,7.6285496,0.88987327,2.3740914821377806e-14,5.848205971912495e-13
Muller glia,205,1602,arhgap29a,7.62727,1.3236314,2.397764448484123e-14,5.848205971912495e-13
Muller glia,205,1602,gli2a,7.6248536,1.1785058,2.4431152559409216e-14,5.887024713110654e-13
Muller glia,205,1602,ppfia4,7.617248,1.0336001,2.5914131687227806e-14,6.170031354101858e-13
Muller glia,205,1602,nrgna,7.6090736,1.1869504,2.7606749178840895e-14,6.495705689139034e-13
Muller glia,205,1602,sec14l8,7.6036716,0.9739779,2.878454502196706e-14,6.69408023766676e-13
Muller glia,205,1602,nexmifb,7.5877495,1.033714,3.2550986008159974e-14,7.482985289232179e-13
Muller glia,205,1602,atp2b3b,7.5773005,1.2317426,3.5281914570833867e-14,8.018616947916788e-13
Muller glia,205,1602,slc12a2,7.575168,0.8721387,3.586631989312641e-14,8.059847166994699e-13
Muller glia,205,1602,rtn4r,7.5685573,1.2620869,3.773913610243249e-14,8.386474689429441e-13
Muller glia,205,1602,sptbn5,7.5613785,1.2788968,3.988204799512581e-14,8.765285273654025e-13
Muller glia,205,1602,mmp2,7.5564027,1.4884055,4.143698419252e-14,9.008040041852174e-13
Muller glia,205,1602,slc6a17,7.5499344,1.0718459,4.354779957184484e-14,9.295878942241028e-13
Muller glia,205,1602,emilin1a,7.5495076,0.93040067,4.369063102853283e-14,9.295878942241028e-13
Muller glia,205,1602,cabp2a,7.5438924,1.1985999,4.561476156725546e-14,9.60310769836957e-13
Muller glia,205,1602,abca1a,7.542471,0.81777763,4.611495356464827e-14,9.607281992635056e-13
Muller glia,205,1602,ARF5,7.530671,0.7636667,5.048010897784904e-14,1.0408269892340008e-12
Muller glia,205,1602,slc38a3b,7.515602,0.81485873,5.664957875376419e-14,1.1561138521176365e-12
Muller glia,205,1602,si:dkey-230p4.1,7.494349,0.86794645,6.662824435717505e-14,1.3460251385287888e-12
Muller glia,205,1602,nell2b,7.4922876,1.1039532,6.768340181738662e-14,1.3536680363477323e-12
Muller glia,205,1602,cxcl18b,7.4747305,1.5433378,7.736216584510066e-14,1.531924076140607e-12
Muller glia,205,1602,ifi45,7.4708214,0.7529182,7.969590607695116e-14,1.562664825038258e-12
Muller glia,205,1602,jam3a,7.46748,1.1028246,8.174492356173248e-14,1.5872800691598542e-12
Muller glia,205,1602,sox13,7.4655614,0.7055482,8.294534532275073e-14,1.5951027946682833e-12
Muller glia,205,1602,cgnl1,7.453975,0.92251736,9.05691827510413e-14,1.725127290496025e-12
Muller glia,205,1602,ptprz1b,7.441749,1.597782,9.936084022957711e-14,1.874732834520323e-12
Muller glia,205,1602,crabp1a,7.4392614,1.2949474,1.0124993469368082e-13,1.892522143807118e-12
Muller glia,205,1602,dgkzb,7.4374843,1.0043966,1.0262085539547373e-13,1.9003862110272913e-12
Muller glia,205,1602,cav1,7.4283857,0.8475409,1.0993090277819815e-13,2.017080784921067e-12
Muller glia,205,1602,igfbp5b,7.4230547,0.9667345,1.1444942548391818e-13,2.0808986451621487e-12
Muller glia,205,1602,anxa3b,7.420425,1.4562551,1.1674530679449913e-13,2.103519041342327e-12
Muller glia,205,1602,gstm.2,7.408696,0.8654227,1.2754690710925174e-13,2.2776233412366382e-12
Muller glia,205,1602,rbpms2b,7.390784,0.7387652,1.4596555998850293e-13,2.583461238734565e-12
Muller glia,205,1602,plpp3,7.387017,1.0579045,1.5015972028993828e-13,2.6343810577182152e-12
Muller glia,205,1602,dio2,7.376923,0.7656353,1.619893530550092e-13,2.7973948827404618e-12
Muller glia,205,1602,gpx1a,7.37671,0.80291814,1.622489031989468e-13,2.7973948827404618e-12
Muller glia,205,1602,mark3b,7.37209,0.7145536,1.6797390014597072e-13,2.8713487204439437e-12
Muller glia,205,1602,guca1a,7.3622093,1.1796118,1.80890817746566e-13,3.0659460635011188e-12
Muller glia,205,1602,cd164,7.3484197,1.1124516,2.0056379820936072e-13,3.3708201379724494e-12
Muller glia,205,1602,si:ch211-160f23.7,7.3288727,1.2058313,2.320970547928144e-13,3.8682842465469064e-12
Muller glia,205,1602,sulf2b,7.3229017,0.9826305,2.426655556970633e-13,4.0110009206126166e-12
Muller glia,205,1602,krt18a.1,7.316931,1.466105,2.537063988985623e-13,4.159121293419054e-12
Muller glia,205,1602,luzp1,7.3122396,0.7419911,2.627261630412998e-13,4.271970130752842e-12
Muller glia,205,1602,lgmn,7.2996583,0.6873957,2.8849959955581396e-13,4.653219347674419e-12
Muller glia,205,1602,gstm.1,7.2839494,1.1710733,3.241867850641091e-13,5.186988561025746e-12
Muller glia,205,1602,gpt2l,7.270302,0.9199132,3.5868522553586373e-13,5.593292241067785e-12
Muller glia,205,1602,supt3h,7.269804,0.9076787,3.600088438170238e-13,5.593292241067785e-12
Muller glia,205,1602,zfp36l1b,7.269733,0.6953093,3.60198323295058e-13,5.593292241067785e-12
Muller glia,205,1602,ablim1b,7.26952,0.72345454,3.607673495488721e-13,5.593292241067785e-12
Muller glia,205,1602,rnaset2,7.261701,0.6567756,3.8225242402130654e-13,5.880806523404716e-12
Muller glia,205,1602,col18a1a,7.258218,1.0089711,3.9222295821850917e-13,5.988136766694796e-12
Muller glia,205,1602,atp2b4,7.2559433,0.9624476,3.9887171868533964e-13,6.0435108891718125e-12
Muller glia,205,1602,plch2b,7.254877,0.90479517,4.020263035198749e-13,6.0455083236071405e-12
Muller glia,205,1602,plekho2,7.2491198,1.0237333,4.1948911346143884e-13,6.261031544200579e-12
Muller glia,205,1602,bri3,7.2470584,1.0370636,4.259205743703419e-13,6.309934435116176e-12
Muller glia,205,1602,prkd2,7.234122,0.64669144,4.685518273381554e-13,6.890468049090519e-12
Muller glia,205,1602,slc22a23,7.228364,0.78743315,4.888468874430387e-13,7.136450911577207e-12
Muller glia,205,1602,junba,7.2172756,1.0802348,5.303948968341066e-13,7.686882562813139e-12
Muller glia,205,1602,psme1,7.210878,1.1297468,5.559219489758301e-13,7.983309732052563e-12
Muller glia,205,1602,CU638714.1,7.2101674,0.75086445,5.588316812436794e-13,7.983309732052563e-12
Muller glia,205,1602,tjp2a,7.2057605,0.93049747,5.772086532763081e-13,8.1575147282126e-12
Muller glia,205,1602,SMIM36,7.2044806,1.0833046,5.826541440591138e-13,8.1575147282126e-12
Muller glia,205,1602,ctsd,7.2043386,0.8325566,5.832623030672009e-13,8.1575147282126e-12
Muller glia,205,1602,nocta,7.1935344,0.8770562,6.313524841357208e-13,8.768784501885012e-12
Muller glia,205,1602,gpc4,7.186711,1.3403919,6.637088154694435e-13,9.15460435130267e-12
Muller glia,205,1602,ddit3,7.1719255,0.75312656,7.395004135704711e-13,1.013014265165029e-11
Muller glia,205,1602,ascl1a,7.170078,1.4336607,7.495523449744172e-13,1.0197991088087308e-11
Muller glia,205,1602,nat8l,7.166097,0.90649706,7.716603635338883e-13,1.0427842750457951e-11
Muller glia,205,1602,plch2a,7.158918,1.1520692,8.131633454318507e-13,1.0914944233984574e-11
Muller glia,205,1602,ppp1r1b,7.1533027,1.012777,8.471460159312267e-13,1.1295280212416356e-11
Muller glia,205,1602,rnd1a,7.151952,0.85115504,8.5552476059441e-13,1.1331453782707418e-11
Muller glia,205,1602,opn4.1,7.1471896,0.80085987,8.857250796262224e-13,1.1654277363502927e-11
Muller glia,205,1602,arhgap42a,7.131836,1.2650307,9.903876095007562e-13,1.2946243261447794e-11
Muller glia,205,1602,casp8ap2,7.129064,0.78274375,1.0105377780288775e-12,1.312386724712828e-11
Muller glia,205,1602,pcloa,7.127429,1.1141355,1.022609242940402e-12,1.3194957973424543e-11
Muller glia,205,1602,gmppaa,7.1243725,1.15187,1.0455584158538255e-12,1.3404595075049045e-11
Muller glia,205,1602,si:dkey-6f10.3,7.1191125,0.99169576,1.086241294987688e-12,1.3837468725957808e-11
Muller glia,205,1602,thrb,7.1087346,1.1203139,1.1711152961110015e-12,1.482424425456964e-11
Muller glia,205,1602,si:ch73-347e22.4,7.1075263,0.6931986,1.1814112379717571e-12,1.4860518716625875e-11
Muller glia,205,1602,prickle2a,7.100987,2.232438,1.2386905182748513e-12,1.548363147843564e-11
Muller glia,205,1602,id1,7.096296,1.1704005,1.2814520843430346e-12,1.5918659432832728e-11
Muller glia,205,1602,nfia,7.094092,0.769866,1.3020337973131627e-12,1.607449132485386e-11
Muller glia,205,1602,itpr1b,7.081795,1.0934837,1.4229893666146525e-12,1.7459992228400644e-11
Muller glia,205,1602,si:ch1073-392o20.2,7.0731235,0.93148196,1.5148483387284214e-12,1.8473760228395383e-11
Muller glia,205,1602,prkcaa,7.0721993,0.9060747,1.5249730248993845e-12,1.848452151393193e-11
Muller glia,205,1602,ptgdsb.2,7.0406394,1.1629198,1.913598609219204e-12,2.3055404930351854e-11
Muller glia,205,1602,rbmx2,7.032607,0.78902704,2.0270959304168603e-12,2.4276597969064195e-11
Muller glia,205,1602,celsr1b,7.0299773,0.9063866,2.0656742870381344e-12,2.459136055997779e-11
Muller glia,205,1602,camk2n2,7.022229,0.9566116,2.1835581189912075e-12,2.5840924485103045e-11
Muller glia,205,1602,pfn1,7.016827,1.1923358,2.2696312916879482e-12,2.6701544608093505e-11
Muller glia,205,1602,plscr3b,7.010714,0.79790485,2.3710468822112122e-12,2.773154248200248e-11
Muller glia,205,1602,ppfibp1b,7.001047,0.5578837,2.5405640189910245e-12,2.954144208129099e-11
Muller glia,205,1602,selenoj,6.9969954,1.4661297,2.6150959775076353e-12,3.023232343939463e-11
Muller glia,205,1602,six7,6.9960713,1.1251729,2.632392479506085e-12,3.0257384821909026e-11
Muller glia,205,1602,si:dkey-188i13.10,6.989816,1.4646317,2.7524626536637183e-12,3.140207200648446e-11
Muller glia,205,1602,gnao1b,6.988821,0.76194924,2.7720535405773337e-12,3.140207200648446e-11
Muller glia,205,1602,pcp4l1,6.988466,0.83889127,2.7790833725738743e-12,3.140207200648446e-11
Muller glia,205,1602,pcdh11,6.9802914,0.94924337,2.945681796450865e-12,3.309754827472882e-11
Muller glia,205,1602,atp1a1a.1,6.9725437,0.7204661,3.112609305425906e-12,3.477775760252409e-11
Muller glia,205,1602,zgc:174863,6.9615974,1.6436722,3.3643622868253487e-12,3.738180318694832e-11
Muller glia,205,1602,six3a,6.959465,1.0142107,3.4156783698047723e-12,3.7742302428782016e-11
Muller glia,205,1602,hspb8,6.952925,1.5469162,3.5778802746201123e-12,3.931736565516607e-11
Muller glia,205,1602,prph2a,6.951575,1.3998868,3.6123074352001428e-12,3.947876978360812e-11
Muller glia,205,1602,syngr2b,6.9397755,0.82903767,3.927238698531759e-12,4.2649317212678265e-11
Muller glia,205,1602,caprin1b,6.9391356,0.6628385,3.94506184217274e-12,4.2649317212678265e-11
Muller glia,205,1602,aanat1,6.9372873,1.0413319,3.996997573221312e-12,4.2978468529261425e-11
Muller glia,205,1602,lrmp,6.932525,1.1605581,4.133941020845791e-12,4.421327295022237e-11
Muller glia,205,1602,chrnb5b,6.9282603,0.9576474,4.2604739543563966e-12,4.5129697994968904e-11
Muller glia,205,1602,si:ch211-207d6.2,6.928118,1.0637257,4.2647564605245615e-12,4.5129697994968904e-11
Muller glia,205,1602,tub,6.920299,0.51300704,4.506907359486201e-12,4.744113009985475e-11
Muller glia,205,1602,arhgef25b,6.9175982,1.6008817,4.593652029981734e-12,4.810106837677209e-11
Muller glia,205,1602,ctnnd2a,6.915181,0.78596914,4.6726515848849715e-12,4.867345400921845e-11
Muller glia,205,1602,pbx1a,6.906012,0.81750864,4.984680866378435e-12,5.16547240039216e-11
Muller glia,205,1602,gpr37a,6.8866067,0.7721013,5.7138855915730146e-12,5.890603702652592e-11
Muller glia,205,1602,ly75,6.879854,0.8530302,5.9913875317219295e-12,6.145012853048133e-11
Muller glia,205,1602,lepr,6.8694053,0.7967107,6.4470125795334355e-12,6.578584264830037e-11
Muller glia,205,1602,trpm1a,6.8645005,1.3625634,6.6724235444256456e-12,6.774034055254462e-11
Muller glia,205,1602,enc3,6.851564,0.83792645,7.304694546689719e-12,7.378479340090625e-11
Muller glia,205,1602,sacs,6.8342915,0.66918373,8.241144358885227e-12,8.261598350064385e-11
Muller glia,205,1602,gadd45ga,6.8339357,0.95678264,8.261598350064385e-12,8.261598350064385e-11
Muller glia,205,1602,ptn,6.8296,1.1384791,8.515177842464464e-12,8.472813773596481e-11
Muller glia,205,1602,lrp8,6.826899,0.6501628,8.676984018460739e-12,8.591073285604692e-11
Muller glia,205,1602,si:dkey-190l8.2,6.816521,1.6045197,9.32715910668969e-12,9.189319316935655e-11
Muller glia,205,1602,arap3,6.8080626,0.5274708,9.892197483077035e-12,9.698232826546113e-11
Muller glia,205,1602,agrn,6.8014517,0.60794634,1.0357001642492586e-11,1.010439184633423e-10
Muller glia,205,1602,bhlhe23,6.79868,0.91348195,1.0558226453949268e-11,1.0250705295096377e-10
Muller glia,205,1602,swap70b,6.7976136,0.86775136,1.0636636158765966e-11,1.027694314856615e-10
Muller glia,205,1602,zgc:163080,6.791927,1.0050098,1.1064553497745545e-11,1.0638993747832256e-10
Muller glia,205,1602,ppp1r9alb,6.7906475,0.59178025,1.1163134373017506e-11,1.0682425237337326e-10
Muller glia,205,1602,sox5,6.786525,0.5996707,1.1486672679507058e-11,1.0939688266197199e-10
Muller glia,205,1602,fstl1b,6.7854586,1.198304,1.1571830328204282e-11,1.0968559552800268e-10
Muller glia,205,1602,stmn4,6.778564,0.81149745,1.2137638975107783e-11,1.1424908407316928e-10
Muller glia,205,1602,rrp12,6.7782083,0.66910565,1.2167527453792527e-11,1.1424908407316928e-10
Muller glia,205,1602,tdh2,6.7746544,0.77031195,1.24704052931286e-11,1.1654584386101497e-10
Muller glia,205,1602,wnk2,6.7738724,1.538338,1.2538022877038543e-11,1.1663277094919575e-10
Muller glia,205,1602,rbpms2a,6.7607226,0.5687604,1.3730532170753371e-11,1.2713455713660528e-10
Muller glia,205,1602,rims1a,6.744516,0.81142634,1.5353796187102272e-11,1.415096422774403e-10
Muller glia,205,1602,nek7,6.7377634,0.73321676,1.608432831652938e-11,1.4756264510577414e-10
Muller glia,205,1602,pcdh17,6.7329297,0.7506403,1.6628028561382018e-11,1.5185414211307778e-10
Muller glia,205,1602,auts2b,6.7266035,0.8459163,1.7366900113987376e-11,1.5788091012715797e-10
Muller glia,205,1602,dennd2b,6.723263,1.1847233,1.7769965467104785e-11,1.6081416712312022e-10
Muller glia,205,1602,acyp1,6.718003,0.99088895,1.8423213697561333e-11,1.659748981762282e-10
Muller glia,205,1602,rcvrn3,6.7168655,1.0613695,1.8567517970232948e-11,1.6652482484513855e-10
Muller glia,205,1602,pbx3b,6.6946883,0.6685851,2.16131875104247e-11,1.929748884859348e-10
Muller glia,205,1602,rhbg,6.69284,0.92681485,2.1888018682285583e-11,1.9456016606476072e-10
Muller glia,205,1602,RIC3,6.6885753,1.1124439,2.2535368379341693e-11,1.994280387552362e-10
Muller glia,205,1602,rbms2a,6.6870117,0.7120338,2.2777395654326276e-11,2.0068190003811696e-10
Muller glia,205,1602,map1aa,6.6791925,0.57060784,2.4026221209026098e-11,2.1075632639496576e-10
Muller glia,205,1602,fmn2a,6.6780553,0.58285916,2.4213364743890006e-11,2.114704344444542e-10
Muller glia,205,1602,prox1a,6.6754966,0.76267475,2.4639670460476046e-11,2.1425800400413953e-10
Muller glia,205,1602,fgf11b,6.671658,0.8640544,2.529293893369567e-11,2.1858415266657303e-10
Muller glia,205,1602,gas8,6.670805,0.8012,2.5440395939457295e-11,2.1858415266657303e-10
Muller glia,205,1602,grb10a,6.670663,1.0759733,2.546505378565576e-11,2.1858415266657303e-10
Muller glia,205,1602,epas1b,6.654812,0.6751937,2.836626966681841e-11,2.424467492890462e-10
Muller glia,205,1602,rhpn2,6.651613,0.4295242,2.898977438415431e-11,2.467214841204622e-10
Muller glia,205,1602,tshz1,6.6484857,1.0866565,2.961238570227523e-11,2.509524212057223e-10
Muller glia,205,1602,dusp5,6.639956,1.551729,3.137769547997091e-11,2.647906791558727e-10
Muller glia,205,1602,pde4ba,6.6368995,0.72687304,3.203500147070589e-11,2.6920169303114193e-10
Muller glia,205,1602,rp1l1b,6.624389,1.0733056,3.486869404697852e-11,2.9178823470274916e-10
Muller glia,205,1602,loxl1,6.6220436,1.1859676,3.542666881164784e-11,2.9522224009706534e-10
Muller glia,205,1602,naa38,6.616357,1.0038702,3.681585298320687e-11,3.0552575089798233e-10
Muller glia,205,1602,icn,6.5999374,1.2257669,4.113315561084508e-11,3.391943663092507e-10
Muller glia,205,1602,lhx9,6.5996532,1.1552207,4.121211550657396e-11,3.391943663092507e-10
Muller glia,205,1602,zgc:171704,6.5946774,1.3347211,4.261816411944782e-11,3.493292140938346e-10
Muller glia,205,1602,lrrc59,6.593327,1.2538066,4.30078356888751e-11,3.51084372970409e-10
Muller glia,205,1602,kiaa1549la,6.5845127,0.79483014,4.5637944778987253e-11,3.7104020145518095e-10
Muller glia,205,1602,opn1sw1,6.577547,1.0102723,4.782731700478735e-11,3.8726572473512025e-10
Muller glia,205,1602,nphp3,6.5667424,0.5197648,5.142784794961899e-11,4.147407092711209e-10
Muller glia,205,1602,rbfox3a,6.566032,0.7900617,5.167380569830063e-11,4.1505064817912156e-10
Muller glia,205,1602,slc38a3a,6.554801,0.8449161,5.5716143640787616e-11,4.447999642612357e-10
Muller glia,205,1602,limch1a,6.554517,0.9666708,5.582239551478508e-11,4.447999642612357e-10
Muller glia,205,1602,tuba8l,6.552953,0.75151134,5.641033327460988e-11,4.477010577349991e-10
Muller glia,205,1602,crlf1a,6.5520287,1.485376,5.676059362605414e-11,4.487003448699932e-10
Muller glia,205,1602,viml,6.551318,0.80114704,5.7031471410695586e-11,4.490124211231818e-10
Muller glia,205,1602,kank1a,6.5507493,1.0671837,5.7249083693205675e-11,4.490124211231818e-10
Muller glia,205,1602,si:ch73-308l14.2,6.545134,0.75218624,5.944208617127964e-11,4.632448573564842e-10
Muller glia,205,1602,lmo4b,6.544921,0.71761924,5.952696417030822e-11,4.632448573564842e-10
Muller glia,205,1602,hivep3b,6.5361776,1.0971928,6.311090844977648e-11,4.892318484478797e-10
Muller glia,205,1602,soga1,6.5349693,0.62054247,6.362256259885727e-11,4.912939196822955e-10
Muller glia,205,1602,si:dkey-56m19.5,6.533974,0.7103725,6.40469692451985e-11,4.926689941938346e-10
Muller glia,205,1602,mrc1b,6.529425,1.9875425,6.602263905821236e-11,5.059206058100564e-10
Muller glia,205,1602,mcl1a,6.5143557,0.76400155,7.300222892956535e-11,5.57268923126453e-10
Muller glia,205,1602,lhx2b,6.511868,0.8517223,7.422190284287584e-11,5.644251166758619e-10
Muller glia,205,1602,rs1a,6.5053287,1.0470415,7.752372581101087e-11,5.864696608440418e-10
Muller glia,205,1602,gnb3a,6.5049734,0.6859857,7.770723006183555e-11,5.864696608440418e-10
Muller glia,205,1602,her15.2,6.4931736,1.0972112,8.404665144618864e-11,6.319297101217191e-10
Muller glia,205,1602,iqsec3a,6.489762,0.54560167,8.597214493952265e-11,6.439861044158999e-10
Muller glia,205,1602,mgll,6.487274,0.82748294,8.740327524846935e-11,6.522632481229056e-10
Muller glia,205,1602,apoc1,6.486208,0.53467137,8.802372337057864e-11,6.523351062855197e-10
Muller glia,205,1602,si:ch211-153l6.6,6.486137,0.8047908,8.806523934854516e-11,6.523351062855197e-10
Muller glia,205,1602,erf,6.4835067,1.1425264,8.961486243531998e-11,6.613642984156456e-10
Muller glia,205,1602,bloc1s1,6.4825826,1.202498,9.016562851820051e-11,6.629825626338273e-10
Muller glia,205,1602,flrt2,6.4778204,1.2756677,9.305709627276524e-11,6.817369690312471e-10
Muller glia,205,1602,pdcb,6.475048,0.9733911,9.478172767747669e-11,6.918374283027496e-10
Muller glia,205,1602,opn6b,6.46467,1.5940845,1.0151990473340928e-10,7.383265798793402e-10
Muller glia,205,1602,si:zfos-2326c3.2,6.462538,0.69706357,1.0296136225329445e-10,7.448018915710375e-10
Muller glia,205,1602,jcada,6.4622536,0.5131358,1.031550619825887e-10,7.448018915710375e-10
Muller glia,205,1602,oxsr1b,6.4571357,0.84016347,1.0670319564602706e-10,7.648974598281509e-10
Muller glia,205,1602,surf2,6.4571357,0.66991824,1.0670319564602706e-10,7.648974598281509e-10
Muller glia,205,1602,gch1,6.4564247,0.7784686,1.0720533303375593e-10,7.657523788125423e-10
Muller glia,205,1602,tex2l,6.4523735,1.0161597,1.1011193223672885e-10,7.837148201902408e-10
Muller glia,205,1602,igfbp1a,6.4463315,0.87913084,1.1458994177726498e-10,8.126946225337942e-10
Muller glia,205,1602,shc1,6.4385834,0.59480107,1.2059353645246924e-10,8.522511410068498e-10
Muller glia,205,1602,ptprea,6.438015,0.90631527,1.2104608144413081e-10,8.52437193268527e-10
Muller glia,205,1602,efna1a,6.436238,0.629078,1.224710095298824e-10,8.594456809114556e-10
Muller glia,205,1602,si:ch211-152c2.3,6.434532,0.71064585,1.2385435879672094e-10,8.630965769806338e-10
Muller glia,205,1602,TMEM132D,6.434532,1.0758237,1.2385435879672094e-10,8.630965769806338e-10
Muller glia,205,1602,col5a1,6.433679,1.0289273,1.2455174891635632e-10,8.649427008080301e-10
Muller glia,205,1602,nfixb,6.4296985,0.6392915,1.2785731213436392e-10,8.842518923213425e-10
Muller glia,205,1602,ablim1a,6.429272,1.4679513,1.2821652438659465e-10,8.842518923213425e-10
Muller glia,205,1602,ptpdc1b,6.4242964,1.9980594,1.324809098819078e-10,9.105217174014283e-10
Muller glia,205,1602,inpp5ka,6.422875,0.54046756,1.3372455764795016e-10,9.15921627725686e-10
Muller glia,205,1602,prr13,6.414416,1.3560033,1.4136364083581237e-10,9.649395278895042e-10
Muller glia,205,1602,mfge8a,6.4068103,0.830285,1.485954048080683e-10,1.0058962595146862e-09
Muller glia,205,1602,fmnl3,6.406597,1.2915277,1.4880328865602702e-10,1.0058962595146862e-09
Muller glia,205,1602,s1pr1,6.406526,0.46292555,1.4887264640817355e-10,1.0058962595146862e-09
Muller glia,205,1602,nr2f1a,6.3991337,1.0194448,1.5626100299789682e-10,1.0522626464504837e-09
Muller glia,205,1602,gad1b,6.3983517,0.7778763,1.570631051181136e-10,1.054114799450427e-09
Muller glia,205,1602,socs3a,6.3931627,0.8507562,1.6248902214167845e-10,1.0868830912486854e-09
Muller glia,205,1602,crhr1,6.3924522,0.83384013,1.6324641808383433e-10,1.0881627195593787e-09
Muller glia,205,1602,zgc:153981,6.391599,1.4478858,1.6415984763496591e-10,1.0881627195593787e-09
Muller glia,205,1602,FAT4,6.391457,0.48748514,1.6431257065346617e-10,1.0881627195593787e-09
Muller glia,205,1602,MYO9B,6.385628,0.5055785,1.7069517274924515e-10,1.1267008102260407e-09
Muller glia,205,1602,si:ch211-106h4.9,6.3832116,1.0879909,1.7341209571712974e-10,1.1408690507705904e-09
Muller glia,205,1602,gdpd5b,6.3826427,0.6661215,1.740574865286797e-10,1.1413605674011784e-09
Muller glia,205,1602,asah1b,6.3707013,1.2805238,1.8816580731434538e-10,1.2298418778715384e-09
Muller glia,205,1602,hspa4a,6.3513675,0.60842705,2.1340950812016302e-10,1.3902899551802152e-09
Muller glia,205,1602,vsx1,6.3444014,0.86325264,2.2329203213467875e-10,1.449948260614797e-09
Muller glia,205,1602,si:rp71-19m20.1,6.343122,0.5316254,2.251551611628189e-10,1.4573149589826466e-09
Muller glia,205,1602,impg1b,6.342269,0.68972206,2.264056743197012e-10,1.4606817698045238e-09
Muller glia,205,1602,gadd45bb,6.335445,1.2784834,2.366570162287801e-10,1.5219100722108045e-09
Muller glia,205,1602,glod5,6.3242145,1.2556678,2.545242164051258e-10,1.6315654897764474e-09
Muller glia,205,1602,zgc:153704,6.322224,1.0371885,2.5782512881242144e-10,1.6474449125394341e-09
Muller glia,205,1602,tmsb,6.3182435,0.63905144,2.6455286194706307e-10,1.6843414548166142e-09
Muller glia,205,1602,abcf2b,6.317817,1.2571013,2.6528377913361674e-10,1.6843414548166142e-09
Muller glia,205,1602,sox10,6.31078,1.1452392,2.776325374744263e-10,1.7571679586989006e-09
Muller glia,205,1602,sept15,6.306515,0.72850794,2.853879823636339e-10,1.80055509377687e-09
Muller glia,205,1602,aqp1a.1,6.305165,0.960378,2.8788768543709077e-10,1.810614373818181e-09
Muller glia,205,1602,VSTM2B,6.3014684,0.6596276,2.948388179846951e-10,1.8485192350137624e-09
Muller glia,205,1602,pttg1ipb,6.2918015,0.71204793,3.13802737094861e-10,1.961267106842881e-09
Muller glia,205,1602,elovl1b,6.2868257,1.2175809,3.240226781592787e-10,2.018832885727593e-09
Muller glia,205,1602,cabp5a,6.2723966,1.2050443,3.555331676658982e-10,2.2082805445086845e-09
Muller glia,205,1602,pleca,6.2716856,0.89521444,3.5716039212351746e-10,2.211519455873173e-09
Muller glia,205,1602,foxp4,6.257043,1.2125958,3.9234564491160746e-10,2.421886696985231e-09
Muller glia,205,1602,slc24a2,6.2551947,1.1705703,3.9702017833226654e-10,2.4432010974293323e-09
Muller glia,205,1602,rdh10a,6.247731,0.7083421,4.1645745181936116e-10,2.55495369214332e-09
Muller glia,205,1602,slc6a9,6.2436795,0.9438165,4.2739495615161766e-10,2.6140364290618815e-09
Muller glia,205,1602,apln,6.2408366,0.58184075,4.352373042398148e-10,2.653886001462285e-09
Muller glia,205,1602,lygl1,6.231667,1.9369463,4.6149781394847456e-10,2.8054578355530367e-09
Muller glia,205,1602,zgc:77784,6.230885,0.6602062,4.6380732192106956e-10,2.8109534661883e-09
Muller glia,205,1602,cndp2,6.229179,0.54571563,4.688854722985613e-10,2.833144847725446e-09
Muller glia,205,1602,adam8b,6.2269754,0.8720543,4.755251247899699e-10,2.864609185481746e-09
Muller glia,205,1602,glud1a,6.223777,1.3485522,4.853268873744455e-10,2.9148762004471203e-09
Muller glia,205,1602,si:ch211-156l18.8,6.215034,0.9669998,5.131353575156115e-10,3.072666811470727e-09
Muller glia,205,1602,mapk8ip1a,6.2123327,0.53424394,5.220367262364801e-10,3.1166371715610752e-09
Muller glia,205,1602,jund,6.211622,0.5224834,5.244041256974473e-10,3.121453129151472e-09
Muller glia,205,1602,si:dkey-184p18.2,6.205083,1.038356,5.466815613832488e-10,3.2377276164875826e-09
Muller glia,205,1602,ice1,6.2049403,0.8395276,5.471759671864015e-10,3.2377276164875826e-09
Muller glia,205,1602,si:ch211-133l5.7,6.2040877,1.8243389,5.501515776692749e-10,3.2457320216476396e-09
Muller glia,205,1602,scdb,6.2017417,0.4852237,5.584161610472271e-10,3.2848009473366298e-09
Muller glia,205,1602,tead1b,6.200249,0.35719886,5.637383878463427e-10,3.306383506430162e-09
Muller glia,205,1602,zcchc24,6.198117,1.1793073,5.714275237098766e-10,3.3416814252039563e-09
Muller glia,205,1602,zgc:112332,6.194776,0.8007939,5.83680023333018e-10,3.4033820602508334e-09
Muller glia,205,1602,slit2,6.1853223,0.34202948,6.197576544420045e-10,3.597658117596961e-09
Muller glia,205,1602,pfas,6.185109,0.971743,6.205960252854757e-10,3.597658117596961e-09
Muller glia,205,1602,cat,6.1748023,0.7291362,6.624635974573952e-10,3.829269349464712e-09
Muller glia,205,1602,fosl1a,6.1699686,0.86710733,6.830351960708054e-10,3.93680228282885e-09
Muller glia,205,1602,cplx2l,6.167836,0.7537829,6.92307799153874e-10,3.9787804549073225e-09
Muller glia,205,1602,grik1a,6.161794,0.55015826,7.192521104591273e-10,4.121788598619641e-09
Muller glia,205,1602,si:busm1-57f23.1,6.1609416,1.2580563,7.231374843710467e-10,4.132214196405981e-09
Muller glia,205,1602,psap,6.1598754,0.5857012,7.28023002520331e-10,4.148279216640063e-09
Muller glia,205,1602,ank3a,6.1549706,0.7314099,7.509142292939142e-10,4.266558120988149e-09
Muller glia,205,1602,pcdh7b,6.1452327,0.44030964,7.984646396182193e-10,4.523878978006909e-09
Muller glia,205,1602,tlcd5a,6.143953,0.6312161,8.049264053026016e-10,4.538859267639887e-09
Muller glia,205,1602,rgmd,6.1438107,1.0453322,8.056475200060799e-10,4.538859267639887e-09
Muller glia,205,1602,igsf21b,6.141963,1.055403,8.150795465350751e-10,4.579098576039748e-09
Muller glia,205,1602,adarb1a,6.140968,0.81019723,8.202028523051705e-10,4.594973962493953e-09
Muller glia,205,1602,cep170b,6.1399727,0.71949834,8.253575628725334e-10,4.6109361054331475e-09
Muller glia,205,1602,spry4,6.1322956,0.88941664,8.661986514758482e-10,4.825619228277706e-09
Muller glia,205,1602,guca1c,6.129595,1.031468,8.81032195247035e-10,4.894623306927972e-09
Muller glia,205,1602,pcdh8,6.1276045,1.2088293,8.921204096734514e-10,4.942495344451255e-09
Muller glia,205,1602,si:ch211-81a5.8,6.126254,1.1059891,8.997219418154192e-10,4.970839457543753e-09
Muller glia,205,1602,dipk1c,6.1250453,0.812074,9.065768297115603e-10,4.994913662322646e-09
Muller glia,205,1602,ngef,6.1182218,0.8772122,9.462533008707111e-10,5.189576123624705e-09
Muller glia,205,1602,mertka,6.1180797,0.63073367,9.470976425615087e-10,5.189576123624705e-09
Muller glia,205,1602,si:ch211-178n15.1,6.1113977,1.0116444,9.876212965143769e-10,5.396837685870912e-09
Muller glia,205,1602,impdh2,6.1054273,0.79340297,1.0252609156435327e-09,5.587252946286282e-09
Muller glia,205,1602,rgl1,6.0969687,0.46679997,1.080987782459033e-09,5.874933600320832e-09
Muller glia,205,1602,fbxl17,6.0949073,1.1055195,1.0950095582768e-09,5.935011155971816e-09
Muller glia,205,1602,fstb,6.092419,0.73793,1.1121686791115892e-09,6.011722589792374e-09
Muller glia,205,1602,six3b,6.087017,0.82326305,1.1503360648102377e-09,6.201272586578101e-09
Muller glia,205,1602,rrm2-1,6.083108,0.73837227,1.1787506327822299e-09,6.337368993452849e-09
Muller glia,205,1602,ank3b-1,6.0809755,0.80164903,1.1945367057047399e-09,6.405022550695656e-09
Muller glia,205,1602,vsnl1a,6.078132,0.75073564,1.2159057525843032e-09,6.50216979991606e-09
Muller glia,205,1602,alcama,6.0759997,1.0120687,1.2321766472974828e-09,6.571608785586575e-09
Muller glia,205,1602,dock11,6.0734406,0.92779624,1.2519820448479956e-09,6.659478961957423e-09
Muller glia,205,1602,ndrg1b,6.0723033,0.96846133,1.2608837374401364e-09,6.6890383949078855e-09
Muller glia,205,1602,net1,6.066688,0.6215447,1.305748116175309e-09,6.9087201914037515e-09
Muller glia,205,1602,olfm1b,6.066048,0.6312711,1.3109569302986746e-09,6.91797852400356e-09
Muller glia,205,1602,lamb2l,6.055528,0.93985873,1.3995751922999576e-09,7.366185222631355e-09
Muller glia,205,1602,shisa7b,6.0538936,0.93977153,1.4138611145679417e-09,7.421843121091557e-09
Muller glia,205,1602,rgrb,6.051548,0.014791023,1.4346068488341203e-09,7.511030622168169e-09
Muller glia,205,1602,plxna2,6.0442266,0.13778663,1.501285013552334e-09,7.839608425860752e-09
Muller glia,205,1602,myrip,6.0422363,0.5083647,1.519927186747765e-09,7.916287430977942e-09
Muller glia,205,1602,slc16a9a,6.0408854,1.6992245,1.5327055187888197e-09,7.962106591110751e-09
Muller glia,205,1602,atp2b2,6.0354123,0.88658965,1.5855718262237282e-09,8.215398063335379e-09
Muller glia,205,1602,gipr,6.0258164,1.3956968,1.6825798364487359e-09,8.69550303074282e-09
Muller glia,205,1602,arr3b,6.0251055,0.8309312,1.6899913421736229e-09,8.71129557821455e-09
Muller glia,205,1602,cabp5b,6.0221915,1.3485633,1.7207125194423316e-09,8.846850999703504e-09
Muller glia,205,1602,C5H9orf85,6.019917,0.79006964,1.7450674885030548e-09,8.949064043605408e-09
Muller glia,205,1602,nr4a1,6.01814,2.1297166,1.764328218285592e-09,9.024696768724255e-09
Muller glia,205,1602,lfng,6.0103207,0.4607069,1.8515649400570391e-09,9.446759898250198e-09
Muller glia,205,1602,celsr1a,6.0063405,0.4781092,1.8975766135977823e-09,9.656878440701181e-09
Muller glia,205,1602,apoeb,6.0048475,1.2288003,1.9151166264482465e-09,9.721404195168764e-09
Muller glia,205,1602,cdh4,6.002289,1.1656103,1.9455534034962112e-09,9.850903308841575e-09
Muller glia,205,1602,cyba,6.0013647,1.1837658,1.9566598682603107e-09,9.882120546769246e-09
Muller glia,205,1602,tenm4,6.0004406,0.35326827,1.9678280958522613e-09,9.91349166676202e-09
Muller glia,205,1602,usf3,5.992977,0.7691051,2.0603385320161868e-09,1.0353459959880335e-08
Muller glia,205,1602,ppp2r5a,5.990134,0.698956,2.096683695952845e-09,1.0509692711543081e-08
Muller glia,205,1602,pik3ip1,5.986651,0.6165353,2.1420583997003094e-09,1.0710291998501546e-08
Muller glia,205,1602,vamp1,5.981462,0.8320676,2.2114364982208417e-09,1.1029608469929385e-08
Muller glia,205,1602,abhd3,5.9809647,0.39026406,2.2182030614121963e-09,1.1035836126428837e-08
Muller glia,205,1602,ptrhd1,5.9741406,1.1001781,2.3130616188713365e-09,1.1479213989435913e-08
Muller glia,205,1602,her9,5.966393,1.02745,2.4255590702306682e-09,1.2004174578279637e-08
Muller glia,205,1602,elavl4,5.9660373,0.7542239,2.4308453521016268e-09,1.2004174578279637e-08
Muller glia,205,1602,plxna4,5.9643316,0.76266,2.4563761059467463e-09,1.2100374906141607e-08
Muller glia,205,1602,tcima,5.9608483,0.787556,2.5093149061355905e-09,1.2330785779536072e-08
Muller glia,205,1602,gad2,5.958503,0.7817578,2.545592013364663e-09,1.2458713771997285e-08
Muller glia,205,1602,FADS6,5.9583607,0.76074815,2.5478069663734446e-09,1.2458713771997285e-08
Muller glia,205,1602,glrba,5.95438,0.6470785,2.6105933799626887e-09,1.2734601853476532e-08
Muller glia,205,1602,lrrtm2,5.950471,0.50215334,2.6737242214423316e-09,1.3010823462006481e-08
Muller glia,205,1602,ccm2l,5.948765,0.9026701,2.7017358850229208e-09,1.3115222742829713e-08
Muller glia,205,1602,camk2d1,5.9474854,1.5978855,2.7229319799145013e-09,1.3186111282878942e-08
Muller glia,205,1602,opn1lw1,5.9469166,1.2545604,2.732404365785154e-09,1.3200021090749537e-08
Muller glia,205,1602,brca2,5.944784,0.90934783,2.768212450947071e-09,1.3340782896130464e-08
Muller glia,205,1602,cln6b,5.9265876,1.2047467,3.0929459667567354e-09,1.4869932532484306e-08
Muller glia,205,1602,syne1a,5.9260187,0.8369191,3.1036695554608836e-09,1.4885705301970666e-08
Muller glia,205,1602,plch1,5.9223228,0.63994,3.174260518722539e-09,1.5187849371878177e-08
Muller glia,205,1602,s100u,5.917631,1.871725,3.2661108873109463e-09,1.5590028101722895e-08
Muller glia,205,1602,ier2a,5.908462,0.9803347,3.453167254141539e-09,1.6443653591150187e-08
Muller glia,205,1602,slc12a5b,5.9000745,0.6507588,3.6333788371170985e-09,1.7260707064689303e-08
Muller glia,205,1602,srgap2,5.897231,0.75803375,3.696520297591021e-09,1.7519053543085408e-08
Muller glia,205,1602,cadpsa,5.896307,1.0952342,3.7172703034753146e-09,1.7575746115722528e-08
Muller glia,205,1602,ptprsa-1,5.89453,0.56764346,3.757493310125752e-09,1.7724025047762982e-08
Muller glia,205,1602,ank2a,5.8906918,0.7672933,3.845826174567747e-09,1.809800552737763e-08
Muller glia,205,1602,slc4a8,5.890052,0.9720115,3.860743509814798e-09,1.8125556384107035e-08
Muller glia,205,1602,gfra1a,5.885929,0.8395772,3.958237337112664e-09,1.8539753335422317e-08
Muller glia,205,1602,h1-10,5.88074,0.6195824,4.084355824912104e-09,1.9085774882766842e-08
Muller glia,205,1602,prkd3,5.8790345,0.6290209,4.1266673290499075e-09,1.9238542326572994e-08
Muller glia,205,1602,mpp1,5.876333,1.0001693,4.1945344324094e-09,1.950946247632279e-08
Muller glia,205,1602,anxa2a,5.868159,1.8414307,4.406606609661877e-09,2.0448290532073677e-08
Muller glia,205,1602,ctsba,5.8619747,1.0543537,4.573941106195955e-09,2.117565326942572e-08
Muller glia,205,1602,ctnnb1,5.854298,0.5374673,4.790285095739892e-09,2.2126028155842457e-08
Muller glia,205,1602,rpgra,5.84719,2.1631894,4.999460941615166e-09,2.3038990514355604e-08
Muller glia,205,1602,slc44a1b,5.842783,0.67041266,5.133585078156103e-09,2.359886612359558e-08
Muller glia,205,1602,fat1a,5.8424277,0.5051661,5.144552814943836e-09,2.359886612359558e-08
Muller glia,205,1602,atad5a,5.833045,0.5935808,5.4424889553560825e-09,2.4908416271652553e-08
Muller glia,205,1602,tnikb,5.828709,0.3074724,5.585779586638211e-09,2.5505842861361694e-08
Muller glia,205,1602,CU984600.2,5.827643,0.83210653,5.621573325929731e-09,2.5610812418814263e-08
Muller glia,205,1602,nlgn1,5.809375,1.18041,6.2706484187937255e-09,2.8502947358153297e-08
Muller glia,205,1602,mapk12a,5.807456,1.2796302,6.342927559867662e-09,2.876611138261978e-08
Muller glia,205,1602,edil3a,5.8030486,1.1679947,6.5119822291687475e-09,2.9465982937415146e-08
Muller glia,205,1602,ano5b,5.7981443,0.42183343,6.705277282734038e-09,3.027213220195954e-08
Muller glia,205,1602,lrrfip1a,5.790681,1.0877811,7.010172004216007e-09,3.1577351370342374e-08
Muller glia,205,1602,abl2,5.7888327,0.5782861,7.087727872104837e-09,3.1854956728561065e-08
Muller glia,205,1602,snap25a,5.782151,0.7015229,7.375145400387874e-09,3.307240089860033e-08
Muller glia,205,1602,nwd2,5.7736926,0.49339983,7.755296586762284e-09,3.469931358730328e-08
Muller glia,205,1602,ddc,5.7717733,0.91469413,7.844165151223183e-09,3.5018594425103496e-08
Muller glia,205,1602,cyp27c1,5.7673664,1.5138068,8.051997534041678e-09,3.5866358726243554e-08
Muller glia,205,1602,ptprdb,5.7663713,0.61768556,8.099663157172297e-09,3.5998502920765766e-08
Muller glia,205,1602,enc1,5.764239,0.37358445,8.202729426683421e-09,3.637574025136772e-08
Muller glia,205,1602,myo1b,5.757699,0.5256534,8.526813581976187e-09,3.767768365152994e-08
Muller glia,205,1602,scg2b,5.757557,1.7318974,8.53399534707153e-09,3.767768365152994e-08
Muller glia,205,1602,cngb3.2,5.7560644,1.4101125,8.609759823272432e-09,3.7928457371244195e-08
Muller glia,205,1602,kidins220a,5.752439,0.15694097,8.796491973030743e-09,3.8665898782552714e-08
Muller glia,205,1602,pcdh10b,5.74789,0.41948262,9.036399349298491e-09,3.963333047937934e-08
Muller glia,205,1602,c2cd3,5.740853,0.6861843,9.420084593230417e-09,4.122575314324033e-08
Muller glia,205,1602,clu,5.738081,0.6733805,9.575541765874388e-09,4.1814592864080296e-08
Muller glia,205,1602,si:dkey-206f10.1,5.736375,1.3861141,9.672444191381718e-09,4.2145726324103344e-08
Muller glia,205,1602,si:dkey-22o22.2,5.726708,0.5732356,1.0239826981978033e-08,4.452098687816536e-08
Muller glia,205,1602,tmem97,5.7245755,0.89843863,1.036927194220561e-08,4.498599541087032e-08
Muller glia,205,1602,rap1gap,5.7234383,0.3777589,1.0438958127842305e-08,4.5190294925724264e-08
Muller glia,205,1602,slc38a4,5.719742,0.6100274,1.0668596100620931e-08,4.6084648382811795e-08
Muller glia,205,1602,creg1,5.7016873,0.57774115,1.1862723744714824e-08,5.113242993411562e-08
Muller glia,205,1602,si:dkey-28a3.2,5.7009764,0.7781969,1.1912300951702803e-08,5.123570301807657e-08
Muller glia,205,1602,rbp3,5.6918783,0.82958245,1.2564946915664112e-08,5.392681079684168e-08
Muller glia,205,1602,ndufaf4,5.689746,1.1434073,1.2722864192393211e-08,5.4487641080913106e-08
Muller glia,205,1602,hspa5,5.688324,0.5236674,1.282921190643453e-08,5.482569190783987e-08
Muller glia,205,1602,tmeff2a,5.685623,1.3444937,1.3033657066412025e-08,5.546237049537032e-08
Muller glia,205,1602,zgc:193593,5.685623,1.3338907,1.3033657066412025e-08,5.546237049537032e-08
Muller glia,205,1602,dnase2,5.6812162,1.1968681,1.3374039319536633e-08,5.678997587913645e-08
Muller glia,205,1602,glra1,5.6765246,0.29614753,1.3745869594228411e-08,5.824521014503564e-08
Muller glia,205,1602,si:dkey-51e6.1,5.6665735,0.98601115,1.4568144888588938e-08,6.154336011255831e-08
Muller glia,205,1602,angptl4,5.6661468,0.75065595,1.4604432617070351e-08,6.154336011255831e-08
Muller glia,205,1602,zgc:158343,5.6660047,1.1769973,1.4616548026732597e-08,6.154336011255831e-08
Muller glia,205,1602,ctsz,5.662451,0.8453174,1.4922626072145294e-08,6.270010954682897e-08
Muller glia,205,1602,mob1a,5.6534944,1.0584822,1.5721814855569796e-08,6.591955914285029e-08
Muller glia,205,1602,palm2akap2-1,5.6500826,0.90124536,1.603707485046359e-08,6.70992290532573e-08
Muller glia,205,1602,fam107b,5.6497273,0.6294074,1.6070265358255122e-08,6.70992290532573e-08
Muller glia,205,1602,bhlhe22,5.6448226,0.45076394,1.6535163848410336e-08,6.889651603504307e-08
Muller glia,205,1602,rcvrn2,5.640842,0.8527671,1.6922050651750276e-08,7.036195697193462e-08
Muller glia,205,1602,rai1,5.6394205,0.76943505,1.7062343644393322e-08,7.079810640827104e-08
Muller glia,205,1602,bean1,5.6333075,0.3170435,1.7678582284412115e-08,7.320323927292802e-08
Muller glia,205,1602,flrt1b,5.625915,0.78123754,1.84527106401376e-08,7.625087041379173e-08
Muller glia,205,1602,gpc1b,5.614969,1.2470481,1.9659791955638024e-08,8.107130703355886e-08
Muller glia,205,1602,chl1a,5.611699,0.5161945,2.003498310502508e-08,8.244849014413613e-08
Muller glia,205,1602,igsf9a,5.604449,0.75600344,2.0891892675969278e-08,8.57983272113728e-08
Muller glia,205,1602,abcc8b,5.604022,0.7058983,2.0943392124060433e-08,8.58335742789362e-08
Muller glia,205,1602,nrxn3a,5.6021028,0.34280708,2.1176668772443443e-08,8.661214221858259e-08
Muller glia,205,1602,cant1b,5.6017475,1.2706759,2.1220144087740312e-08,8.661283301118495e-08
Muller glia,205,1602,blvrb,5.599331,1.3455863,2.1518082532089912e-08,8.765003068061064e-08
Muller glia,205,1602,rnd1b,5.593929,0.562224,2.2198819915325688e-08,9.023910534685238e-08
Muller glia,205,1602,si:ch211-151p13.8,5.5913696,0.6711636,2.2528526537229512e-08,9.139361678389254e-08
Muller glia,205,1602,crhbp,5.589948,1.523227,2.271374569100952e-08,9.195848457898591e-08
Muller glia,205,1602,cabp1b,5.588455,1.1172391,2.2909816444810328e-08,9.256491492852658e-08
Muller glia,205,1602,irx6a,5.578362,1.0846926,2.4279407522737155e-08,9.790083678523046e-08
Muller glia,205,1602,selenop,5.5770826,0.93457496,2.44585927234805e-08,9.842492041642052e-08
Muller glia,205,1602,gnat2,5.571609,0.8842801,2.5239702480689273e-08,1.0136426699071997e-07
Muller glia,205,1602,lin28a,5.5711827,1.0813148,2.530157471975037e-08,1.0140911711322793e-07
Muller glia,205,1602,nrxn2a,5.566918,1.0759354,2.592844844422909e-08,1.0371379377691636e-07
Muller glia,205,1602,kita,5.5657806,0.70493835,2.6098144161344814e-08,1.0414635937432709e-07
Muller glia,205,1602,dll4,5.5654964,0.3166082,2.61407362029561e-08,1.0414635937432709e-07
Muller glia,205,1602,kirrel3l,5.5640745,0.31972536,2.635471024756462e-08,1.0479010038793089e-07
Muller glia,205,1602,si:dkey-46i9.1,5.562298,0.51054746,2.6624568894146084e-08,1.0565305116724636e-07
Muller glia,205,1602,BX548028.1,5.561942,0.43904296,2.667886147446881e-08,1.0565885732462895e-07
Muller glia,205,1602,TAGAP,5.5492897,0.5007373,2.8683234548038712e-08,1.1337246856932297e-07
Muller glia,205,1602,scn8aa,5.5478683,0.66738415,2.8917372115114702e-08,1.1394050238069924e-07
Muller glia,205,1602,camsap2b,5.547726,0.42330447,2.894088760469761e-08,1.1394050238069924e-07
Muller glia,205,1602,ccnd1,5.5472994,0.5297239,2.9011545450510387e-08,1.1399428467784042e-07
Muller glia,205,1602,qkia,5.54602,0.6094168,2.9224524702849542e-08,1.1460597922686094e-07
Muller glia,205,1602,hsd11b2,5.540831,0.72250986,3.0103931374922555e-08,1.1782360616408044e-07
Muller glia,205,1602,si:dkey-204f11.64,5.530169,0.5312217,3.1992233771405734e-08,1.2496966316955364e-07
Muller glia,205,1602,ptp4a3a,5.529529,0.27630603,3.210911376085857e-08,1.2518173006182678e-07
Muller glia,205,1602,cnga3a,5.5192227,1.2796534,3.4050268236608135e-08,1.324913160957515e-07
Muller glia,205,1602,ptprua,5.5106215,0.35779455,3.575683083545037e-08,1.3886147897262282e-07
Muller glia,205,1602,CRACD,5.509129,0.54191345,3.606133966783161e-08,1.3977263437144034e-07
Muller glia,205,1602,prkar2ab,5.508276,0.84007037,3.623647236562807e-08,1.4017977704304864e-07
Muller glia,205,1602,MCUR1,5.4970455,0.7401995,3.862074646357436e-08,1.4911485121071182e-07
Muller glia,205,1602,FO082779.1,5.4902925,1.3303518,4.01268354508339e-08,1.5463135048490905e-07
Muller glia,205,1602,dusp2,5.4788485,0.7051768,4.2810246943176325e-08,1.6465479593529355e-07
Muller glia,205,1602,cyp3c1,5.4777822,1.2119435,4.306893420263782e-08,1.6533180116175747e-07
Muller glia,205,1602,chtf18,5.4750814,0.89566696,4.3731076620669176e-08,1.675520177037133e-07
Muller glia,205,1602,gabrr2a,5.472167,0.77385426,4.4456561500489694e-08,1.700059713211843e-07
Muller glia,205,1602,fgfr1a,5.467973,0.9464758,4.552106498607601e-08,1.7374452284761834e-07
Muller glia,205,1602,gng13b,5.466907,0.44705674,4.5795616659723845e-08,1.744594920370432e-07
Muller glia,205,1602,syne1b,5.45724,0.44305727,4.835925384731658e-08,1.8387548991375124e-07
Muller glia,205,1602,myo5b,5.4567423,-0.013970023,4.849490309726337e-08,1.840413779782291e-07
Muller glia,205,1602,ntn4,5.4477863,0.938779,5.1000602982713014e-08,1.9318410220724627e-07
Muller glia,205,1602,arhgap23a,5.44473,0.018983522,5.18840990511015e-08,1.96159164654448e-07
Muller glia,205,1602,gabrz,5.443948,1.1242386,5.211248160945355e-08,1.966508739979379e-07
Muller glia,205,1602,lama5,5.4375505,0.5057701,5.4018022235948043e-08,2.034577108698608e-07
Muller glia,205,1602,tnr,5.4368396,0.4175228,5.423387114304281e-08,2.0388673362046168e-07
Muller glia,205,1602,grk1b,5.43556,1.0732131,5.4624507427663685e-08,2.049700091094322e-07
Muller glia,205,1602,nrxn2b,5.435063,0.8396425,5.477715676534765e-08,2.0515789050692e-07
Muller glia,205,1602,mdka,5.417648,1.1119983,6.038819020330554e-08,2.2575024375067488e-07
Muller glia,205,1602,txnipa,5.413099,0.5069699,6.194331650459258e-08,2.3113177800221112e-07
Muller glia,205,1602,aff2,5.4100423,0.5532225,6.300988544649964e-08,2.3467368881377892e-07
Muller glia,205,1602,zfhx4,5.406417,0.6686198,6.429796229973945e-08,2.3902588215516525e-07
Muller glia,205,1602,pcdh1a,5.4032893,0.64380926,6.542971181201267e-08,2.427818620111787e-07
Muller glia,205,1602,pcdh11-1,5.4015837,0.6092022,6.605513926622327e-08,2.4464866394897503e-07
Muller glia,205,1602,CABZ01080568.1,5.3994513,0.7061162,6.684507156959929e-08,2.4711671559925797e-07
Muller glia,205,1602,dok4,5.3961816,0.95433056,6.807410341708657e-08,2.511959535685851e-07
Muller glia,205,1602,hspbp1,5.3944755,0.5464141,6.872399860706365e-08,2.531270666926838e-07
Muller glia,205,1602,bgnb,5.392272,0.5959032,6.957234686331512e-08,2.5578068699748207e-07
Muller glia,205,1602,pdk2a,5.3883624,0.43384588,7.110250974649846e-08,2.60926641271554e-07
Muller glia,205,1602,si:dkey-85n7.6,5.386941,0.6739245,7.166697429535827e-08,2.625163893602867e-07
Muller glia,205,1602,esco2,5.3840976,0.80686086,7.280895368487058e-08,2.662118964711904e-07
Muller glia,205,1602,isg15,5.3802595,1.2563785,7.437861799243335e-08,2.714548101913626e-07
Muller glia,205,1602,inpp5kb,5.3794065,0.22956228,7.473185717945562e-08,2.722472028395469e-07
Muller glia,205,1602,pdlim5a,5.376492,1.2712207,7.595105912957798e-08,2.761856695621017e-07
Muller glia,205,1602,stmn1a,5.371516,0.55812144,7.80772812404706e-08,2.8340210976577346e-07
Muller glia,205,1602,suclg2,5.370308,0.74800384,7.860228468276364e-08,2.847908865317523e-07
Muller glia,205,1602,nsmce2,5.3636265,0.7241218,8.156753493938274e-08,2.9500012636304787e-07
Muller glia,205,1602,neto1,5.3583665,0.668871,8.39778061199798e-08,3.0316897516238196e-07
Muller glia,205,1602,mbpb,5.3579397,1.2255749,8.417622804480748e-08,3.033377587200269e-07
Muller glia,205,1602,nr2e1,5.350405,0.53756,8.775745569415493e-08,3.1567430105811123e-07
Muller glia,205,1602,fzd4,5.349623,0.71408314,8.813743152373018e-08,3.1647192647658947e-07
Muller glia,205,1602,syt13,5.3429418,1.4981918,9.145012113765028e-08,3.277782119629042e-07
Muller glia,205,1602,tsku,5.336971,0.97418636,9.451213761783299e-08,3.38147182890279e-07
Muller glia,205,1602,nav3,5.336118,0.8088297,9.495759085347567e-08,3.3913425304812737e-07
Muller glia,205,1602,syt2a,5.333417,0.8014433,9.638164182070721e-08,3.4360656620572977e-07
Muller glia,205,1602,rin2,5.3310714,1.4857459,9.763507129739829e-08,3.474557697416309e-07
Muller glia,205,1602,lmo7a,5.328441,1.4046181,9.905919684739845e-08,3.509925037621396e-07
Muller glia,205,1602,cart3,5.328228,1.105042,9.917554367890964e-08,3.509925037621396e-07
Muller glia,205,1602,opn1sw2,5.327944,0.6574,9.93308785646855e-08,3.509925037621396e-07
Muller glia,205,1602,CASKIN2,5.327944,0.79684246,9.93308785646855e-08,3.509925037621396e-07
Muller glia,205,1602,LRATD2,5.3253846,1.4146317,1.0073953097765777e-07,3.553422609441191e-07
Muller glia,205,1602,ushbp1,5.3248873,1.7873442,1.0101567210646902e-07,3.556889862903839e-07
Muller glia,205,1602,si:ch211-149k12.3,5.323537,0.49599522,1.0176889634359321e-07,3.5771141069804295e-07
Muller glia,205,1602,CABZ01044281.1,5.322826,0.5850322,1.0216751076237857e-07,3.584824939030827e-07
Muller glia,205,1602,slc17a6b,5.3209066,0.9560477,1.0325133288752381e-07,3.616509032837962e-07
Muller glia,205,1602,fsta,5.3056245,0.6639366,1.1228800553350013e-07,3.926154039632872e-07
Muller glia,205,1602,dpcd,5.3050556,0.9565166,1.1263861193721522e-07,3.931539683672434e-07
Muller glia,205,1602,sox6,5.3042736,0.9222017,1.1312242596745335e-07,3.941547943116842e-07
Muller glia,205,1602,fat3a,5.301217,0.29895246,1.1503306703172197e-07,4.001150157625112e-07
Muller glia,205,1602,nrxn1a,5.2977343,0.38611174,1.172483835816517e-07,4.071124429918462e-07
Muller glia,205,1602,stra6,5.291835,0.34033474,1.2109537650969287e-07,4.197413397216391e-07
Muller glia,205,1602,map7d2a,5.2830205,0.3854853,1.2707110979718086e-07,4.3969242144353243e-07
Muller glia,205,1602,zfhx3,5.281457,0.3563868,1.2816070440618572e-07,4.426967337001234e-07
Muller glia,205,1602,meis2a,5.280604,0.432542,1.2875883281383116e-07,4.4399597522010746e-07
Muller glia,205,1602,rrad,5.2769074,0.6929166,1.313820757679422e-07,4.5226187871925034e-07
Muller glia,205,1602,mibp,5.275486,0.45662037,1.3240471979035473e-07,4.5499903708025683e-07
Muller glia,205,1602,rhoub,5.2725005,1.6886888,1.34577397157635e-07,4.616720314155575e-07
Muller glia,205,1602,gnb3b,5.2670984,0.814722,1.385968897995597e-07,4.7464688287520447e-07
Muller glia,205,1602,rcbtb1,5.26326,0.7993459,1.415231564340115e-07,4.838398510564496e-07
Muller glia,205,1602,timp4.3,5.258782,0.99753004,1.4501269391941636e-07,4.949238700321378e-07
Muller glia,205,1602,ly6pge,5.244637,0.67586744,1.565904281195916e-07,5.33031311891237e-07
Muller glia,205,1602,rhbdl3,5.244495,1.6879423,1.5671120569602368e-07,5.33031311891237e-07
Muller glia,205,1602,pitpnaa,5.232695,1.7089242,1.6705602422349075e-07,5.672530533904609e-07
Muller glia,205,1602,BX936439.1,5.2308474,0.5950069,1.6873497417863816e-07,5.719829633174175e-07
Muller glia,205,1602,ompa,5.2295675,0.87699074,1.69906869015082e-07,5.749809442134755e-07
Muller glia,205,1602,TENT5A,5.228999,1.6831973,1.7043023350134707e-07,5.757778158829293e-07
Muller glia,205,1602,pcdh19,5.22445,0.19540517,1.7467363314798302e-07,5.891184929105667e-07
Muller glia,205,1602,sema6e,5.2214646,0.21952024,1.775136836763702e-07,5.976891706275091e-07
Muller glia,205,1602,tbx3a,5.2180524,0.48834017,1.80814129198904e-07,6.077785855425345e-07
Muller glia,205,1602,mt2,5.2162757,1.0173178,1.8255652673847708e-07,6.126057944244197e-07
Muller glia,205,1602,prdm8b,5.215707,0.43377548,1.831175139720346e-07,6.134590082815229e-07
Muller glia,205,1602,pclob,5.212437,0.5319938,1.8637567407517418e-07,6.233300136293451e-07
Muller glia,205,1602,id2b,5.210589,0.8221536,1.8824195742367424e-07,6.285207259555066e-07
Muller glia,205,1602,unk,5.206111,0.80935913,1.9283932917376542e-07,6.427977639125514e-07
Muller glia,205,1602,tph1a,5.2041206,0.94182813,1.9491726824228924e-07,6.486431555483835e-07
Muller glia,205,1602,amer2,5.2029834,0.21435681,1.9611436148316392e-07,6.515427291799466e-07
Muller glia,205,1602,pvalb9,5.2022724,1.2464676,1.9686614998721523e-07,6.529557213506309e-07
Muller glia,205,1602,adgrv1,5.1891227,0.2825177,2.1128720761254044e-07,6.996265152733127e-07
Muller glia,205,1602,ube2c-1,5.1879854,0.6947434,2.1258132270186507e-07,7.027481742210416e-07
Muller glia,205,1602,phf24,5.1822276,0.09374289,2.1925121115215081e-07,7.236013569377915e-07
Muller glia,205,1602,vgf,5.181446,0.36544243,2.20172448729235e-07,7.25444641611977e-07
Muller glia,205,1602,foxp2,5.1783895,0.65081626,2.2380966993220887e-07,7.362160195138449e-07
Muller glia,205,1602,zeb2b,5.17512,0.97586983,2.2776491399554633e-07,7.479082697639554e-07
Muller glia,205,1602,gria4a,5.174835,0.78284407,2.281120222780064e-07,7.479082697639554e-07
Muller glia,205,1602,INSYN2A-1,5.169149,1.484114,2.3516248540435893e-07,7.697626363481471e-07
Muller glia,205,1602,tbrg4,5.1614723,0.605715,2.450153395362317e-07,8.007037239746134e-07
Muller glia,205,1602,sez6l,5.153369,0.73025686,2.5584792182983345e-07,8.347403648607943e-07
Muller glia,205,1602,grip1,5.141143,0.319922,2.730721080351771e-07,8.894856939256583e-07
Muller glia,205,1602,rgs11,5.1396503,0.27181002,2.752502435165751e-07,8.950228070878777e-07
Muller glia,205,1602,lhx4,5.139366,0.55368423,2.7566702458306634e-07,8.950228070878777e-07
Muller glia,205,1602,sema3fb,5.137731,0.8048531,2.7807536950627323e-07,9.013788314627982e-07
Muller glia,205,1602,tns1a,5.1351013,0.9347756,2.8199235853785753e-07,9.125966295723545e-07
Muller glia,205,1602,BX547930.4,5.1334662,0.054633867,2.8445404294333946e-07,9.19076067668302e-07
Muller glia,205,1602,kcnj14,5.1290593,0.8082105,2.911937029396569e-07,9.393345256117964e-07
Muller glia,205,1602,dhrsx,5.1285615,1.0936499,2.919642499271073e-07,9.403035424383488e-07
Muller glia,205,1602,si:dkey-210j14.4,5.127993,0.8735216,2.928472861053658e-07,9.416311450333306e-07
Muller glia,205,1602,rnf213b,5.115838,0.755845,3.1235075720237254e-07,1.002731162768451e-06
Muller glia,205,1602,hyal4,5.1151276,1.0469083,3.135293095860565e-07,1.0049016332886426e-06
Muller glia,205,1602,AL928650.4,5.1140614,0.44006592,3.1530519200061443e-07,1.0089766144019661e-06
Muller glia,205,1602,egfra,5.1137056,1.3863924,3.158993080175138e-07,1.0092629649121845e-06
Muller glia,205,1602,pcp4a,5.1100097,0.44612792,3.2214253382391856e-07,1.0275678909853861e-06
Muller glia,205,1602,phactr4b,5.1074505,0.8414878,3.265343705447342e-07,1.0373969803715303e-06
Muller glia,205,1602,slc24a4a,5.1073794,0.5839964,3.266571873832842e-07,1.0373969803715303e-06
Muller glia,205,1602,CABZ01076275.1,5.1073084,0.78194416,3.267800488170321e-07,1.0373969803715303e-06
Muller glia,205,1602,sema3aa,5.094372,0.7609844,3.498996215342252e-07,1.109032080932568e-06
Muller glia,205,1602,notch2,5.0906754,0.69533783,3.5679011526430774e-07,1.1290826432414801e-06
Muller glia,205,1602,necab1,5.089183,0.6789624,3.5960978153927414e-07,1.136207840566427e-06
Muller glia,205,1602,si:ch211-232m10.6,5.0881166,0.91896963,3.6163698389670266e-07,1.140722618077127e-06
Muller glia,205,1602,tcf7l2,5.0878325,0.28776765,3.6217943123948785e-07,1.140722618077127e-06
Muller glia,205,1602,ephx1,5.0852733,1.3988557,3.670969258150068e-07,1.154392848474864e-06
Muller glia,205,1602,si:ch211-113d22.2,5.084136,0.9595865,3.6930310530012245e-07,1.1595073949768365e-06
Muller glia,205,1602,pcbp3,5.0835676,0.38410938,3.7041098813546437e-07,1.1611629722114871e-06
Muller glia,205,1602,nrn1la,5.078521,1.1084332,3.8038502249620453e-07,1.190563450692346e-06
Muller glia,205,1602,agfg1b,5.076175,0.6588037,3.8510859761322234e-07,1.2034643675413197e-06
Muller glia,205,1602,atp1a3a,5.0702043,0.5050477,3.973890703432157e-07,1.2399034956106572e-06
Muller glia,205,1602,pax6a,5.068854,0.3946784,4.002187465700826e-07,1.246787372492469e-06
Muller glia,205,1602,zgc:110540,5.057836,0.6391416,4.2404057275860873e-07,1.3189442387515045e-06
Muller glia,205,1602,sept9b,5.0554194,0.376808,4.2944602270473744e-07,1.3336833003252715e-06
Muller glia,205,1602,igsf9ba,5.0503016,0.45023087,4.4111316767980737e-07,1.3677927679994027e-06
Muller glia,205,1602,cox8b,5.048169,0.95131475,4.460642024497964e-07,1.3810037227547876e-06
Muller glia,205,1602,camkmt,5.041914,1.1683952,4.6089843949926256e-07,1.4247246970610897e-06
Muller glia,205,1602,ldb3a,5.041345,0.35604903,4.622703582391689e-07,1.4267603649357065e-06
Muller glia,205,1602,dhrs9,5.040066,1.2182521,4.653715924197942e-07,1.4341189288745584e-06
Muller glia,205,1602,cgnb,5.0393553,0.64421946,4.6710316156509345e-07,1.4372404971233644e-06
Muller glia,205,1602,p3h2,5.03836,0.9552729,4.695378020780581e-07,1.4425124487805163e-06
Muller glia,205,1602,ca10a,5.0377913,0.6946285,4.70934515855383e-07,1.444584404464365e-06
Muller glia,205,1602,arhgap29b,5.035943,0.8202026,4.75501565807929e-07,1.4552129702417552e-06
Muller glia,205,1602,proca1,5.035801,0.37041137,4.7585464126905394e-07,1.4552129702417552e-06
Muller glia,205,1602,bdnf,5.0352325,0.7100352,4.7726947342237e-07,1.4573113692286107e-06
Muller glia,205,1602,lgr4,5.027698,0.4009719,4.964033308818926e-07,1.5134247892740628e-06
Muller glia,205,1602,znf532,5.0245705,0.3281842,5.045611038339298e-07,1.5359546539845656e-06
Muller glia,205,1602,gemin6,5.021016,0.30261964,5.139882479070798e-07,1.5622743097479626e-06
Muller glia,205,1602,si:ch211-121j5.4,5.015756,0.37986544,5.282527808873371e-07,1.603195086152768e-06
Muller glia,205,1602,slc3a2a,5.0090036,0.4186804,5.471257387243966e-07,1.6579567840133228e-06
Muller glia,205,1602,egr1,5.0078664,0.3852203,5.503676511511605e-07,1.6652576434225732e-06
Muller glia,205,1602,gpatch4,4.997986,0.3096184,5.793219944590364e-07,1.750217505918539e-06
Muller glia,205,1602,aldh1a3,4.9967065,0.46051544,5.831771909554436e-07,1.7592072125352746e-06
Muller glia,205,1602,apof,4.9913754,0.3608827,5.995083868104523e-07,1.805748153043531e-06
Muller glia,205,1602,kif11,4.9904513,0.52556485,6.023835952172642e-07,1.811679985615832e-06
Muller glia,205,1602,sox4a,4.989883,0.47346237,6.04159555899924e-07,1.8142929606604325e-06
Muller glia,205,1602,glra3,4.9877505,1.1199652,6.10864465597994e-07,1.8316775580149746e-06
Muller glia,205,1602,cenpf,4.9819927,0.58346075,6.293279192481734e-07,1.8842153270903394e-06
Muller glia,205,1602,spata6l,4.971544,1.0408663,6.642183511802886e-07,1.985705085740773e-06
Muller glia,205,1602,sv2a,4.967563,0.42601907,6.779942307724456e-07,2.023863375440136e-06
Muller glia,205,1602,olig2,4.966426,0.55597264,6.819804979862071e-07,2.032728757037875e-06
Muller glia,205,1602,nr2e3,4.963725,0.10733229,6.915386017159091e-07,2.0581506003449673e-06
Muller glia,205,1602,fat1b,4.957754,0.91492534,7.131272304890752e-07,2.119248827604978e-06
Muller glia,205,1602,grin1a,4.952139,0.3201742,7.340223355875133e-07,2.1781078207344605e-06
Muller glia,205,1602,tlcd4b,4.9486556,0.2979411,7.472776546390961e-07,2.21415601374547e-06
Muller glia,205,1602,fthl28,4.946097,1.0963655,7.571628909846153e-07,2.2401268964041873e-06
Muller glia,205,1602,igsf9b,4.944391,1.1494224,7.638229034052008e-07,2.2564930676667672e-06
Muller glia,205,1602,mical3b,4.940766,1.8935053,7.781633117108536e-07,2.295466996197208e-06
Muller glia,205,1602,hmbsa,4.9395576,1.1594787,7.830008195642289e-07,2.3063352564483915e-06
Muller glia,205,1602,irbpl,4.9384203,0.68573016,7.875802205792092e-07,2.3164124134682623e-06
Muller glia,205,1602,pcdh1b,4.9377804,0.23016448,7.901674592466916e-07,2.3206092782575372e-06
Muller glia,205,1602,tmem178b,4.9264073,0.23151462,8.375525468899187e-07,2.4561658266566528e-06
Muller glia,205,1602,lrp3,4.9212184,0.7636605,8.60070245637965e-07,2.518507307871054e-06
Muller glia,205,1602,rasgrp4,4.9074287,0.8656166,9.227812047673191e-07,2.692274301637652e-06
Muller glia,205,1602,hsph1,4.9073577,0.33796957,9.231155867848335e-07,2.692274301637652e-06
Muller glia,205,1602,kif23,4.9072866,0.5837148,9.234500854617146e-07,2.692274301637652e-06
Muller glia,205,1602,ccdc80l1,4.904941,0.99966973,9.34554243672164e-07,2.7206819320878133e-06
Muller glia,205,1602,plecb,4.886673,1.037703,1.0255411082759348e-06,2.9812241519649268e-06
Muller glia,205,1602,pax10,4.8834033,0.64985794,1.0427020351412428e-06,3.0267112776233467e-06
Muller glia,205,1602,nhlh2,4.8818398,0.7316713,1.0510068156373142e-06,3.046396567064679e-06
Muller glia,205,1602,acy1,4.881413,0.62430257,1.0532827815477123e-06,3.048575344566461e-06
Muller glia,205,1602,tfap2b,4.8804893,0.22237594,1.0582303253343003e-06,3.05846914836503e-06
Muller glia,205,1602,si:dkeyp-41f9.3,4.8801336,0.82747495,1.0601391761445733e-06,3.0595647219179607e-06
Muller glia,205,1602,hpcal4,4.87793,0.47121662,1.0720482248586802e-06,3.0894761523304908e-06
Muller glia,205,1602,si:ch73-29l19.1,4.8735943,0.24288493,1.0958591885436382e-06,3.1490206567345925e-06
Muller glia,205,1602,cep126,4.8735943,1.331104,1.0958591885436382e-06,3.1490206567345925e-06
Muller glia,205,1602,AL954696.1,4.871604,1.0234991,1.1069584683770005e-06,3.176351415715927e-06
Muller glia,205,1602,map1b,4.8647094,0.55021673,1.1462521937199285e-06,3.284390239885182e-06
Muller glia,205,1602,tradd,4.856677,0.85405326,1.1937205440656295e-06,3.415509425080485e-06
Muller glia,205,1602,rbp5,4.8524833,0.25207415,1.2192507696758852e-06,3.4835736276453867e-06
Muller glia,205,1602,crim1,4.845304,0.61059666,1.2641790403699887e-06,3.6067875616832778e-06
Muller glia,205,1602,C7H20orf27,4.8427453,0.9854558,1.280574772557835e-06,3.6483611753784475e-06
Muller glia,205,1602,maptb,4.8374143,0.34965765,1.315392007870865e-06,3.7422247734590752e-06
Muller glia,205,1602,cx43,4.8335047,0.36387658,1.341501451182624e-06,3.8110836681324546e-06
Muller glia,205,1602,lpin1,4.8330784,0.4594562,1.3443797229632496e-06,3.8138431857113464e-06
Muller glia,205,1602,gap43,4.8265386,0.4831771,1.3892639699321867e-06,3.935591982810727e-06
Muller glia,205,1602,SLC4A5-1,4.8227005,0.9553581,1.4162765915470736e-06,4.006440145819162e-06
Muller glia,205,1602,basp1,4.8219895,0.30399695,1.4213340471427653e-06,4.015067929781823e-06
Muller glia,205,1602,nedd4a,4.821492,0.69158566,1.4248845943979637e-06,4.019420576580998e-06
Muller glia,205,1602,kera,4.814313,1.0505669,1.4770729737243094e-06,4.160768940068477e-06
Muller glia,205,1602,FO681288.3,4.813886,1.1294639,1.4802304267838041e-06,4.16379866887146e-06
Muller glia,205,1602,ppp1r14c,4.8108296,0.41956964,1.5030495054599583e-06,4.219127763272263e-06
Muller glia,205,1602,CABZ01114053.1,4.8106875,0.85712004,1.5041190476065614e-06,4.219127763272263e-06
Muller glia,205,1602,stk39,4.792491,0.47393954,1.6472321301705155e-06,4.614095602718531e-06
Muller glia,205,1602,selenoo2,4.7920647,0.22882673,1.6507384961855862e-06,4.617450338980661e-06
Muller glia,205,1602,si:dkey-1d7.3,4.790785,0.39155146,1.6613006911145546e-06,4.6405047237836725e-06
Muller glia,205,1602,fosab,4.787018,0.39715734,1.6927790443228518e-06,4.7218383384179966e-06
Muller glia,205,1602,meis2a-1,4.7849565,0.7428136,1.710244886076126e-06,4.763913331688373e-06
Muller glia,205,1602,paqr4b,4.782824,1.1774824,1.7284952016967984e-06,4.808053412230316e-06
Muller glia,205,1602,pcdh18b,4.7740808,1.119034,1.8052974012536958e-06,5.0147150034824885e-06
Muller glia,205,1602,rab3il1,4.7737966,0.7288249,1.8078492851013662e-06,5.014838516231252e-06
Muller glia,205,1602,adma,4.77074,2.063301,1.8355018644872062e-06,5.084492699410543e-06
Muller glia,205,1602,top2a,4.7673993,0.3620045,1.8661915861392107e-06,5.162355701629905e-06
Muller glia,205,1602,stambpb,4.766404,0.29183856,1.8754281058193302e-06,5.180740623810305e-06
Muller glia,205,1602,clstn2,4.755316,0.69265634,1.981366393630609e-06,5.465838327256853e-06
Muller glia,205,1602,mki67,4.7528276,0.47852102,2.005912129294217e-06,5.518327728457268e-06
Muller glia,205,1602,opn1lw2,4.7528276,0.6234457,2.005912129294217e-06,5.518327728457268e-06
Muller glia,205,1602,pcdh20-1,4.7423077,0.5926013,2.112972725235307e-06,5.791200556577464e-06
Muller glia,205,1602,ctsc,4.7422366,0.7197885,2.113714440589816e-06,5.791200556577464e-06
Muller glia,205,1602,tanc1a,4.7421656,1.1554,2.1144564060058757e-06,5.791200556577464e-06
Muller glia,205,1602,siva1,4.7419524,0.29933366,2.116683803429063e-06,5.791200556577464e-06
Muller glia,205,1602,plcl2,4.7413125,0.40378743,2.123379525146632e-06,5.8015834020399785e-06
Muller glia,205,1602,mbpa,4.738896,0.40890896,2.148858529777381e-06,5.86318834864224e-06
Muller glia,205,1602,tfap2a,4.7374034,0.43023574,2.1647419711011668e-06,5.8984794852892825e-06
Muller glia,205,1602,mdkb,4.7369056,0.5055712,2.170061462392103e-06,5.904929149366267e-06
Muller glia,205,1602,grip2b,4.736408,0.8573127,2.1753935061184316e-06,5.911395397060956e-06
Muller glia,205,1602,hspb6,4.7341332,0.88778347,2.199929205426993e-06,5.969957138200795e-06
Muller glia,205,1602,cntn3b,4.733707,0.5313693,2.204559139058646e-06,5.9744150109990414e-06
Muller glia,205,1602,tmem106a,4.732712,1.1325172,2.2153987356200524e-06,5.995666402219357e-06
Muller glia,205,1602,isl1,4.727594,0.17072645,2.271958581891948e-06,6.140428599707968e-06
Muller glia,205,1602,zgc:122979,4.7258883,0.9613626,2.2911180918659676e-06,6.1838544989634755e-06
Muller glia,205,1602,antxr1c,4.725035,1.4649708,2.3007559309186175e-06,6.201498466087918e-06
Muller glia,205,1602,col4a6,4.719491,0.54455864,2.3643573433316e-06,6.364353548671871e-06
Muller glia,205,1602,pde6c,4.718851,0.7079572,2.3718036716525984e-06,6.37581632164677e-06
Muller glia,205,1602,cita,4.716221,0.31239706,2.4026535875045773e-06,6.450076744978731e-06
Muller glia,205,1602,ENSDARG00000087599,4.7150836,0.6224586,2.416113074916343e-06,6.477514946156416e-06
Muller glia,205,1602,apba1a,4.7106056,0.353996,2.4698168343862812e-06,6.612628739990044e-06
Muller glia,205,1602,adgrb1a,4.7089,0.3699551,2.4905753051653946e-06,6.6592922598005206e-06
Muller glia,205,1602,si:ch211-69g19.2,4.702431,0.62634057,2.5708163765618693e-06,6.864663221794043e-06
Muller glia,205,1602,ccdc120,4.6912007,1.2209806,2.7160652789113056e-06,7.242840743763481e-06
Muller glia,205,1602,stk17al,4.6892104,1.4537442,2.742613896832182e-06,7.303898526850019e-06
Muller glia,205,1602,cst3,4.686509,0.7775168,2.7790427518400197e-06,7.391071148510691e-06
Muller glia,205,1602,si:ch211-286o17.1,4.6834526,0.84458864,2.820824854456762e-06,7.492230689128186e-06
Muller glia,205,1602,si:ch211-225b11.1,4.67997,0.64830804,2.8691718427450846e-06,7.610535391896776e-06
Muller glia,205,1602,si:dkey-94f20.4,4.6738567,1.5152309,2.9559542593702736e-06,7.822693168731658e-06
Muller glia,205,1602,grin1b,4.6737857,0.39461848,2.9569780177805667e-06,7.822693168731658e-06
Muller glia,205,1602,plk1,4.6680284,0.66800153,3.0410417505328856e-06,8.034456408277108e-06
Muller glia,205,1602,zgc:77439,4.660067,0.9327945,3.1610627452907284e-06,8.340534947996644e-06
Muller glia,205,1602,sorcs2,4.6577926,0.2869567,3.1961806137730466e-06,8.422083303749793e-06
Muller glia,205,1602,hvcn1,4.6560864,0.7249447,3.2227642694564603e-06,8.48095860383279e-06
Muller glia,205,1602,sinhcafl-1,4.655234,0.121056184,3.2361354950265087e-06,8.504955308873874e-06
Muller glia,205,1602,DAB2,4.654807,1.726849,3.24284104512236e-06,8.511393819218793e-06
Muller glia,205,1602,immp2l,4.6542387,0.902877,3.251802510940301e-06,8.523728731167237e-06
Muller glia,205,1602,CU929544.1,4.6507554,-0.0026208623,3.3072119431824938e-06,8.657622887912287e-06
Muller glia,205,1602,ENSDARG00000076310,4.6498313,0.6198785,3.322063706311366e-06,8.685133872709453e-06
Muller glia,205,1602,abcc13,4.6469884,0.7999438,3.368163691124005e-06,8.794161073430822e-06
Muller glia,205,1602,kcnd3,4.640591,0.5905634,3.474142288227819e-06,9.059041168781796e-06
Muller glia,205,1602,rgra,4.639454,0.60613406,3.4933146482266875e-06,9.097173563090332e-06
Muller glia,205,1602,scarb2a,4.62801,0.4864003,3.6919687118392335e-06,9.601999250557173e-06
Muller glia,205,1602,tango6,4.610737,0.92988884,4.012440033178699e-06,1.0421922164100517e-05
Muller glia,205,1602,btbd11a,4.60832,0.88720685,4.059351959021594e-06,1.0530095872948363e-05
Muller glia,205,1602,rx3,4.6068273,0.9840673,4.088589082235058e-06,1.0592199694909476e-05
Muller glia,205,1602,si:ch211-276i12.4,4.602918,1.2397256,4.166122011577462e-06,1.077252654338962e-05
Muller glia,205,1602,RYR2,4.602776,0.27219206,4.168967772291783e-06,1.077252654338962e-05
Muller glia,205,1602,atf3,4.6005726,0.13771415,4.213315975865483e-06,1.0873073486104472e-05
Muller glia,205,1602,esrrb,4.5933933,0.9531572,4.3609625924946055e-06,1.1239594310553107e-05
Muller glia,205,1602,syt1a,4.5900526,0.4872119,4.431347660267059e-06,1.1406300283827694e-05
Muller glia,205,1602,zgc:113162,4.586285,0.80183923,4.512023637413774e-06,1.1599032486924868e-05
Muller glia,205,1602,col14a1a,4.5850058,0.70125556,4.539741711207673e-06,1.1655306062150637e-05
Muller glia,205,1602,celf4,4.579035,0.68693894,4.6712638301837705e-06,1.197759956457377e-05
Muller glia,205,1602,fyco1a,4.574201,-0.030117389,4.780399724566741e-06,1.2241740651899463e-05
Muller glia,205,1602,epha7,4.570363,1.1904695,4.868801983297338e-06,1.2452178985415187e-05
Muller glia,205,1602,tmem260,4.569865,0.8072977,4.880375527536781e-06,1.2465837873657166e-05
Muller glia,205,1602,CABZ01033394.1,4.5669513,0.54552853,4.948694360478237e-06,1.262422030734244e-05
Muller glia,205,1602,syk,4.5563602,1.5268197,5.2047696498547655e-06,1.326055961746437e-05
Muller glia,205,1602,rbfox1,4.555436,0.13159983,5.2277038692690764e-06,1.3302045468878056e-05
Muller glia,205,1602,stx1b,4.5499625,0.5722917,5.365541672032633e-06,1.363542991622016e-05
Muller glia,205,1602,ENSDARG00000090381,4.5459824,1.6228883,5.467965686301779e-06,1.3878085498227864e-05
Muller glia,205,1602,gal3st3,4.542926,0.31937605,5.547880413973077e-06,1.4063068222998928e-05
Muller glia,205,1602,stm,4.541504,1.3345984,5.585429876937249e-06,1.4140328802372782e-05
Muller glia,205,1602,opn1mw2,4.5353203,0.5963502,5.7516196819732864e-06,1.454265406314358e-05
Muller glia,205,1602,gabrb2a,4.534254,0.9157391,5.7807473373003025e-06,1.45978468113644e-05
Muller glia,205,1602,nfasca,4.5253687,0.58864397,6.029029561888226e-06,1.5205623106905992e-05
Muller glia,205,1602,cacng5a,4.51691,0.542024,6.274853103657192e-06,1.580567532407353e-05
Muller glia,205,1602,ccnd2a,4.515773,1.377961,6.308627501067284e-06,1.5870761008974298e-05
Muller glia,205,1602,fezf2,4.5029783,0.7843158,6.700775089355335e-06,1.6836118314963152e-05
Muller glia,205,1602,slc32a1,4.499424,0.4762006,6.813777630720556e-06,1.7098563690641295e-05
Muller glia,205,1602,GRIK2,4.4953012,1.3361684,6.9471444948166945e-06,1.7411389711320035e-05
Muller glia,205,1602,slc6a1a,4.4874825,0.61201227,7.206970270501111e-06,1.803997564581004e-05
Muller glia,205,1602,rfng,4.480659,0.7661555,7.4412986748049704e-06,1.8603246687012426e-05
Muller glia,205,1602,dipk1aa,4.478171,0.78058153,7.528529467302828e-06,1.8797826385275476e-05
Muller glia,205,1602,c1qtnf12,4.4717736,0.9220728,7.757349709456833e-06,1.9340200278778043e-05
Muller glia,205,1602,psda,4.4715605,0.4094392,7.765090411929385e-06,1.9340200278778043e-05
Muller glia,205,1602,CABZ01029422.1,4.4712763,0.80495787,7.775422836714341e-06,1.9341847852523236e-05
Muller glia,205,1602,pvalb6,4.463102,0.34832087,8.078164415356504e-06,2.0065039399742006e-05
Muller glia,205,1602,wdr47b,4.4628887,0.73622984,8.086210878096029e-06,2.0065039399742006e-05
Muller glia,205,1602,bag3,4.452511,0.7684373,8.487198865208907e-06,2.1033950099650328e-05
Muller glia,205,1602,frem2a,4.4515157,0.39348733,8.526632956642644e-06,2.1105527120402583e-05
Muller glia,205,1602,SYNPR,4.4417067,1.0145701,8.924826193523316e-06,2.2063847202777047e-05
Muller glia,205,1602,fam184b,4.437015,-0.075432375,9.121489497458134e-06,2.252219629002008e-05
Muller glia,205,1602,tfap2c,4.436589,0.33169246,9.13957186929546e-06,2.2539018173355018e-05
Muller glia,205,1602,plxdc2,4.4339585,1.4298662,9.251838934919498e-06,2.2787780627880534e-05
Muller glia,205,1602,cited2,4.431044,0.5800315,9.377781673991233e-06,2.306957361375457e-05
Muller glia,205,1602,nusap1,4.4125633,0.47296414,1.0215393347917356e-05,2.5099246555079502e-05
Muller glia,205,1602,elavl3,4.4109282,0.35434574,1.0292835323532894e-05,2.5258491591491768e-05
Muller glia,205,1602,fkbpl,4.4065924,0.9569926,1.0500949604864636e-05,2.5737621580550578e-05
Muller glia,205,1602,opn1mw3,4.405882,1.0739839,1.053544777554078e-05,2.5790569829965195e-05
Muller glia,205,1602,zgc:110425,4.4016166,0.37186304,1.074472048018657e-05,2.627071022050506e-05
Muller glia,205,1602,zbtb18,4.3974943,0.50991255,1.0950786223679796e-05,2.6741846700072763e-05
Muller glia,205,1602,pdcd2l,4.390102,1.1557792,1.132976717655415e-05,2.763357847940037e-05
Muller glia,205,1602,pcdh9,4.3874006,0.91839695,1.1471338937367719e-05,2.794479643694938e-05
Muller glia,205,1602,gria3a,4.377307,0.5290251,1.2015461754472585e-05,2.9234700132536705e-05
Muller glia,205,1602,plpp1a,4.3748903,0.51705635,1.2149353043731898e-05,2.952455174661458e-05
Muller glia,205,1602,micu3a,4.370199,0.62270737,1.241333510730619e-05,3.0129454143947067e-05
Muller glia,205,1602,rprmb,4.368351,0.8676267,1.2518823463837957e-05,3.0348662942637474e-05
Muller glia,205,1602,pnp5a,4.3601766,0.77009785,1.2995751984321055e-05,3.1466711826443235e-05
Muller glia,205,1602,sh3gl3a,4.3547745,-0.08668165,1.3320400159160686e-05,3.221378514911895e-05
Muller glia,205,1602,pus1,4.3529973,0.9464007,1.3428873033029518e-05,3.2436891384129275e-05
Muller glia,205,1602,acsl1a,4.351505,0.7307938,1.352064094676731e-05,3.2619157893286635e-05
Muller glia,205,1602,tfpia,4.3392076,0.74104565,1.4299731458357427e-05,3.445718423700585e-05
Muller glia,205,1602,slc6a22.1,4.338568,1.1673776,1.4341411995558787e-05,3.4516033683655325e-05
Muller glia,205,1602,SLC4A5,4.3382835,0.3701122,1.4359973845555784e-05,3.451916789797064e-05
Muller glia,205,1602,pcdh7a,4.336293,0.8410447,1.4490549769730768e-05,3.4791235941730535e-05
Muller glia,205,1602,BX663503.3,4.3320994,0.5374028,1.4769408159044639e-05,3.541824498571856e-05
Muller glia,205,1602,slc1a2b,4.3281903,0.53532106,1.5033963480355143e-05,3.600949336612011e-05
Muller glia,205,1602,stard13a,4.3276925,0.32470405,1.5067956503920082e-05,3.60477428323447e-05
Muller glia,205,1602,fgfr2,4.3226457,0.5376676,1.5416909608240146e-05,3.683849368755113e-05
Muller glia,205,1602,senp5,4.321864,1.1534171,1.547165730352794e-05,3.688478921835369e-05
Muller glia,205,1602,kpna2,4.321722,0.31339553,1.5481631322736957e-05,3.688478921835369e-05
Muller glia,205,1602,syt5b,4.3215795,0.47528914,1.5491611471708548e-05,3.688478921835369e-05
Muller glia,205,1602,fhl3b,4.319163,0.87011784,1.566221532027022e-05,3.7246647610630726e-05
Muller glia,205,1602,ttll3,4.315609,0.40622863,1.591636038858424e-05,3.780608168309796e-05
Muller glia,205,1602,ebf3a,4.313832,0.63991886,1.6044902386891296e-05,3.806619783366855e-05
Muller glia,205,1602,CLSTN2,4.3133345,0.16093205,1.608107109535483e-05,3.810680354349486e-05
Muller glia,205,1602,mb,4.3129787,0.13630205,1.610695345399088e-05,3.8122966755008e-05
Muller glia,205,1602,ing5b,4.3065104,0.63445705,1.658500755946033e-05,3.918692938767441e-05
Muller glia,205,1602,slc6a1l,4.3063684,1.2008731,1.6595664595680114e-05,3.918692938767441e-05
Muller glia,205,1602,si:ch211-161c3.6,4.3057995,1.1463869,1.6638358040890476e-05,3.9241410473798295e-05
Muller glia,205,1602,stard9,4.3015347,0.5549632,1.696191180070495e-05,3.995738940095394e-05
Muller glia,205,1602,cdh11,4.299687,0.7963291,1.7103972705694977e-05,4.024464166045877e-05
Muller glia,205,1602,adgrl2a,4.299047,0.41966295,1.7153411258912315e-05,4.031353997394199e-05
Muller glia,205,1602,kcnd2,4.2962747,0.8794349,1.736922288650667e-05,4.077282367724571e-05
Muller glia,205,1602,ptgdsb.1,4.2949953,0.973217,1.746969857784454e-05,4.096060627865074e-05
Muller glia,205,1602,si:dkeyp-75b4.7,4.289167,1.1436669,1.7934470761084494e-05,4.2001102484975394e-05
Muller glia,205,1602,kif15,4.2741685,0.255154,1.918517841089286e-05,4.487761031787804e-05
Muller glia,205,1602,arhgef18b,4.2597394,0.9823413,2.0466555500703518e-05,4.781905490818579e-05
Muller glia,205,1602,dio1,4.2540526,1.8624325,2.0993582263692154e-05,4.8993190813750654e-05
Muller glia,205,1602,zgc:101744,4.2527733,0.23249826,2.111393117438906e-05,4.921662278412369e-05
Muller glia,205,1602,guca1e,4.235216,1.2028203,2.2833182598172917e-05,5.316224120645615e-05
Muller glia,205,1602,slc17a7a,4.234292,0.74855316,2.2927264099588416e-05,5.3319218836252134e-05
Muller glia,205,1602,si:dkey-4c15.13,4.230454,0.5921107,2.3322027628256404e-05,5.417428020500907e-05
Muller glia,205,1602,filip1b,4.223701,1.0383463,2.4032265593111007e-05,5.5759316921371246e-05
Muller glia,205,1602,irx7,4.2178016,0.50827694,2.466958915697109e-05,5.7171701406653745e-05
Muller glia,205,1602,cntn3a.1,4.214674,0.4357962,2.5013936105719263e-05,5.790262987435014e-05
Muller glia,205,1602,vtnb,4.2123995,1.0185504,2.5267236849916992e-05,5.842135687842079e-05
Muller glia,205,1602,islr2,4.2108355,-0.15380548,2.544279439067527e-05,5.8759340394169216e-05
Muller glia,205,1602,grin2aa,4.203443,0.93944424,2.6288525642014642e-05,6.0572639728144335e-05
Muller glia,205,1602,nfkbiaa,4.203443,1.3249202,2.6288525642014642e-05,6.0572639728144335e-05
Muller glia,205,1602,si:ch211-270g19.5,4.2021637,1.3344624,2.643758999385167e-05,6.0846006890337564e-05
Muller glia,205,1602,pcdh1g14,4.193136,0.3430415,2.7512394476046192e-05,6.324688385297975e-05
Muller glia,205,1602,si:ch211-251b21.1,4.191999,0.0790573,2.7650713238508135e-05,6.349187884846874e-05
Muller glia,205,1602,aplp2,4.182332,0.8144994,2.885341387129682e-05,6.612242546470603e-05
Muller glia,205,1602,ifi46,4.182261,1.3957893,2.8862438715344183e-05,6.612242546470603e-05
Muller glia,205,1602,f3b,4.177214,0.45233425,2.95101062107599e-05,6.75288471642103e-05
Muller glia,205,1602,plk2a,4.1737313,1.0494509,2.9965119023556407e-05,6.84917006252718e-05
Muller glia,205,1602,otx1,4.1509852,1.6719058,3.310469439257017e-05,7.558149404696386e-05
Muller glia,205,1602,eif4ebp3,4.149919,1.4028227,3.325927370660742e-05,7.584783057379116e-05
Muller glia,205,1602,shisa9a,4.145157,0.9413963,3.395813744147896e-05,7.73533882493826e-05
Muller glia,205,1602,sox12,4.1423135,0.09854833,3.43819951920105e-05,7.822979565872696e-05
Muller glia,205,1602,fosb,4.1404653,1.2963573,3.466019203467503e-05,7.868375036248588e-05
Muller glia,205,1602,insb,4.1404653,1.0255446,3.466019203467503e-05,7.868375036248588e-05
Muller glia,205,1602,irf1b,4.1381907,1.4833392,3.50055233163651e-05,7.937760389198436e-05
Muller glia,205,1602,tmsb4x,4.1335707,0.75289994,3.571706250325099e-05,8.089934881823554e-05
Muller glia,205,1602,cebpb,4.129803,1.527086,3.6307383515895694e-05,8.214340161967352e-05
Muller glia,205,1602,esrrgb,4.1248274,1.855011,3.710126077919326e-05,8.384465712812036e-05
Muller glia,205,1602,gpm6ab,4.1204205,0.44775873,3.781814622775096e-05,8.536827590914438e-05
Muller glia,205,1602,wnk4b,4.1150184,1.2631873,3.8714853268782496e-05,8.729391943355692e-05
Muller glia,205,1602,ndst3,4.112317,0.8221619,3.917073921997983e-05,8.82223856305852e-05
Muller glia,205,1602,plk3,4.1113224,0.7662535,3.933997796974193e-05,8.850388744598859e-05
Muller glia,205,1602,dkk3b,4.1062045,1.2827524,4.0221366845694785e-05,9.038509403526918e-05
Muller glia,205,1602,ptprz1a,4.1010866,0.113453,4.1121473926644485e-05,9.230409411143543e-05
Muller glia,205,1602,foxred1,4.0985274,1.5363508,4.157866322717317e-05,9.322570230307885e-05
Muller glia,205,1602,ENSDARG00000103720,4.093552,1.4251667,4.248148382738824e-05,9.514330084521442e-05
Muller glia,205,1602,aga,4.0891447,1.0943025,4.3296627505156344e-05,9.6860464217352e-05
Muller glia,205,1602,SYDE1,4.0861597,0.7937407,4.3857227914727446e-05,9.800497858039653e-05
Muller glia,205,1602,stc2a,4.083174,0.62060493,4.442470886480488e-05,9.916229657322518e-05
Muller glia,205,1602,ano3,4.06711,0.98535323,4.759981077664524e-05,0.00010613112770712427
Muller glia,205,1602,frmpd2,4.058509,2.3961003,4.938702139558842e-05,0.00010999336613716796
Muller glia,205,1602,s100z,4.0563765,0.75000453,4.9839872082948114e-05,0.00011087846959499024
Muller glia,205,1602,rem1,4.0527515,0.7157995,5.061876422053666e-05,0.00011248614271230369
Muller glia,205,1602,gria3b,4.051472,0.2869136,5.0896411427423714e-05,0.0001129776058322391
Muller glia,205,1602,adarb2,4.049055,0.31156293,5.142479884010095e-05,0.00011402394421308415
Muller glia,205,1602,gria1a,4.045359,1.4187318,5.2242987408033876e-05,0.00011570982814625443
Muller glia,205,1602,man2b2,4.0439377,0.8285019,5.256094789128569e-05,0.00011628528294532233
Muller glia,205,1602,btbd17a,4.034484,0.2678724,5.472249278053092e-05,0.00012093368570283077
Muller glia,205,1602,serpine3,4.0324225,0.8042246,5.520486220218131e-05,0.00012186503797391018
Muller glia,205,1602,orc5,4.0273046,0.57177013,5.6419943742499625e-05,0.0001244100192778382
Muller glia,205,1602,si:ch211-234p6.5,4.0257406,0.3125704,5.679624315023386e-05,0.0001251018571591054
Muller glia,205,1602,plxnc1,4.0238924,1.0380617,5.724402554278843e-05,0.00012594945113924847
Muller glia,205,1602,prkcbb,4.022329,0.93162954,5.762552801657215e-05,0.0001266495121243344
Muller glia,205,1602,calb2b,4.018277,0.43887383,5.86251995014809e-05,0.00012870515807130822
Muller glia,205,1602,luzp2,4.017353,1.0457257,5.8855483590462527e-05,0.00012906904296154062
Muller glia,205,1602,alg8,4.0167136,0.88577586,5.9015412570373966e-05,0.0001292780122023526
Muller glia,205,1602,htr1d,4.0113826,1.1715902,6.03642509072607e-05,0.00013208807638350262
Muller glia,205,1602,si:ch211-137i24.12,4.004061,0.655536,6.226428917440697e-05,0.00013609680693859447
Muller glia,205,1602,gpr158a,3.9792538,-0.5103892,6.913191449851678e-05,0.00015094304475658685
Muller glia,205,1602,dacha,3.978543,0.5252276,6.933888009082485e-05,0.00015106509823709116
Muller glia,205,1602,syngap1b,3.978543,-0.001979256,6.933888009082485e-05,0.00015106509823709116
Muller glia,205,1602,AL928808.1,3.9781165,0.9625617,6.946334068640455e-05,0.00015117157929576616
Muller glia,205,1602,ret,3.9740648,0.97472155,7.06563045750182e-05,0.00015360066211960477
Muller glia,205,1602,cox4i1l,3.973212,1.9360285,7.090991247792495e-05,0.00015398460907258403
Muller glia,205,1602,C9H3orf70,3.9666014,0.20507139,7.290477480253034e-05,0.00015814484772783154
Muller glia,205,1602,hepacama,3.9643269,0.66285706,7.360336877449642e-05,0.0001594872562827658
Muller glia,205,1602,si:ch73-233f7.1,3.961981,0.41687045,7.433042195995813e-05,0.0001608883592206886
Muller glia,205,1602,aspm,3.9597776,0.6533976,7.501959393480242e-05,0.0001622045274265998
Muller glia,205,1602,tiam1a,3.9572897,-0.23084636,7.580495273157665e-05,0.00016372559985221739
Muller glia,205,1602,pax6b,3.9509635,0.39289743,7.783717508944677e-05,0.00016793349533861224
Muller glia,205,1602,tent5bb,3.948547,0.1044417,7.86270419174954e-05,0.00016945483171874008
Muller glia,205,1602,srrm4,3.9450638,0.13819805,7.977871937760078e-05,0.00017175181782045376
Muller glia,205,1602,arl5c,3.9441397,1.2215979,8.008693247667466e-05,0.00017222996231542936
Muller glia,205,1602,shroom3,3.9422917,0.4523739,8.070673859961633e-05,0.00017337645241593196
Muller glia,205,1602,cabp2b,3.94087,0.76268077,8.118659499840977e-05,0.00017422016094079348
Muller glia,205,1602,h6pd,3.922176,1.1255869,8.77529330763485e-05,0.0001881091812997824
Muller glia,205,1602,cahz,3.913717,0.6929103,9.088609300358812e-05,0.00019461690150661265
Muller glia,205,1602,zgc:171482,3.910874,1.2176316,9.196277507102818e-05,0.0001967118183337501
Muller glia,205,1602,ccdc24,3.9072487,0.8858103,9.335302172846522e-05,0.00019947226865056668
Muller glia,205,1602,barhl2,3.9029129,0.786929,9.504193448625654e-05,0.00020286432120865855
Muller glia,205,1602,cav2,3.9007804,0.7751491,9.58830927516917e-05,0.0002044415623703448
Muller glia,205,1602,arhgap32a,3.900354,0.45367458,9.60521657825096e-05,0.0002045839526784017
Muller glia,205,1602,slc6a1b,3.8972263,0.4488225,9.730066367653604e-05,0.00020702268867348096
Muller glia,205,1602,kif26aa,3.8947384,0.99219364,9.830471197112447e-05,0.00020893668856774596
Muller glia,205,1602,adam8a,3.8851426,1.2143521,0.00010226984026355625,0.00021713341881859078
Muller glia,205,1602,PTPRD,3.8797405,-0.22189239,0.00010456798548001406,0.00022177727567341263
Muller glia,205,1602,sfrp1a,3.8788164,2.2699118,0.00010496593796369834,0.0002223854617874965
Muller glia,205,1602,thsd7ba,3.875049,0.5009231,0.0001066031985090691,0.0002256152349398288
Muller glia,205,1602,BNC1,3.8737698,1.4343573,0.00010716470986295773,0.00022656386863204595
Muller glia,205,1602,ENSDARG00000059707,3.8707132,-0.037502028,0.0001085174155704314,0.00022918144787841902
Muller glia,205,1602,shisa8b,3.8646712,-0.24452522,0.00011123890392169506,0.00023468123190231025
Muller glia,205,1602,thbs1b,3.860975,0.45109832,0.00011293542238416245,0.00023800932009307156
Muller glia,205,1602,CR589947.1,3.8535826,0.9866831,0.0001164019395123976,0.0002450567147629423
Muller glia,205,1602,slc4a10b,3.8508816,0.84909487,0.00011769339804444342,0.00024751503269073273
Muller glia,205,1602,rad54b,3.8501709,0.47713718,0.00011803549450764888,0.00024797372795724556
Muller glia,205,1602,tfap2e,3.8496022,0.9024624,0.00011830984657096148,0.00024828928976067466
Muller glia,205,1602,si:ch211-160o17.6,3.8471143,0.600417,0.00011951722229912731,0.00025056021446357926
Muller glia,205,1602,rgs5b,3.8410723,1.4455634,0.00012249796761814666,0.000256540246320726
Muller glia,205,1602,ebf3a-1,3.8359547,0.6428962,0.0001250775207705574,0.00026166845349488997
Muller glia,205,1602,gria4b,3.831974,0.014544783,0.00012711914883225688,0.0002656617530454689
Muller glia,205,1602,tnc,3.8264298,0.11240247,0.00013001523657610485,0.00027143055652631496
Muller glia,205,1602,opn1mw1,3.8219516,0.6996784,0.00013239965899830252,0.0002761202481716424
Muller glia,205,1602,sox11a,3.8130665,-0.123039715,0.00013725315186712553,0.00028594406638984485
Muller glia,205,1602,cxcl12b,3.8075223,0.51895154,0.00014036613851013276,0.00029212515818966234
Muller glia,205,1602,mfap5,3.805461,0.12835883,0.00014154039755927253,0.0002942627807885084
Muller glia,205,1602,khdrbs1b,3.8041813,0.15234613,0.0001422738949698205,0.00029548057106920146
Muller glia,205,1602,pdzrn3b,3.8012671,0.6564559,0.0001439580248299326,0.0002986681013069141
Muller glia,205,1602,sox11b,3.7987082,0.011317253,0.0001454522348548631,0.00030145540902562306
Muller glia,205,1602,nkain4,3.7966468,0.29305318,0.00014666651212121725,0.0003036573749921682
Muller glia,205,1602,c4b,3.7960782,1.6115416,0.00014700316114810665,0.0003040396300891554
Muller glia,205,1602,si:ch211-56a11.2,3.7955806,0.5774292,0.00014729832576238533,0.0003043353838065813
Muller glia,205,1602,cacnb2a,3.7947276,0.6264676,0.00014780562090116467,0.00030506836099311596
Muller glia,205,1602,nr4a3,3.789681,1.1503725,0.0001508409368611115,0.00031101224095074535
Muller glia,205,1602,ccnb3,3.7891123,0.6371141,0.00015118659901667446,0.00031140391146585887
Muller glia,205,1602,steap4,3.78634,1.1922405,0.00015288240682428971,0.00031457285354792125
Muller glia,205,1602,nav2b,3.7854872,0.3672396,0.00015340778559864483,0.00031532946680091437
Muller glia,205,1602,gpx1b,3.7815065,0.8025304,0.0001558821024064867,0.00032008645258005484
Muller glia,205,1602,katna1,3.7780948,0.6536625,0.0001580327931378016,0.0003241698320775417
Muller glia,205,1602,prdm13,3.7768152,0.49308443,0.00015884647785556805,0.00032550507757288537
Muller glia,205,1602,nrp1a,3.7759624,-0.099735215,0.00015939112294099969,0.0003262868432773791
Muller glia,205,1602,jdp2b,3.7525055,0.71057355,0.0001750759547723908,0.0003580285373668524
Muller glia,205,1602,fhdc1,3.744971,1.0305699,0.0001804146363446936,0.0003685692264447265
Muller glia,205,1602,tubb5,3.7433362,0.24774647,0.00018159306373838905,0.0003705980892620185
Muller glia,205,1602,ghrb,3.7373652,2.026607,0.00018595864966591466,0.0003791205905523235
Muller glia,205,1602,xirp1,3.734522,0.32274136,0.0001880719993624493,0.00038303869523920425
Muller glia,205,1602,slitrk4,3.7287645,1.0394409,0.0001924208613876024,0.00039149717474588485
Muller glia,205,1602,rskra,3.720377,0.7225907,0.00019892563817640766,0.0004041373577098099
Muller glia,205,1602,sdk1b,3.7202349,0.37884247,0.00019903764867208138,0.0004041373577098099
Muller glia,205,1602,ntng1a,3.7166808,0.6588708,0.00020185724483845585,0.00040944674409423094
Muller glia,205,1602,zgc:174895,3.713411,0.3116928,0.00020448437523440578,0.00041435537028248386
Muller glia,205,1602,zgc:158258,3.7075825,0.03013886,0.00020924735005713237,0.00042326809516305395
Muller glia,205,1602,znf1008,3.7075114,0.3230408,0.0002093060730581302,0.00042326809516305395
Muller glia,205,1602,calb1,3.7033176,0.745541,0.00021279825516395262,0.0004298954649776821
Muller glia,205,1602,cntnap5b,3.6999767,0.65580285,0.00021561923927010553,0.0004351548723917367
Muller glia,205,1602,cdh5,3.6996214,0.75320894,0.00021592140174562873,0.00043532540674521924
Muller glia,205,1602,CABZ01072077.1,3.694077,0.5358188,0.0002206869195498709,0.00044448523574999174
Muller glia,205,1602,arr3a,3.6891015,0.5538057,0.00022504756887779549,0.0004528120098144778
Muller glia,205,1602,LO018154.1,3.685405,0.28222266,0.0002283391258502397,0.00045897311728691396
Muller glia,205,1602,abtb2a,3.6841257,0.8840944,0.00022948900011388903,0.00046082128536925507
Muller glia,205,1602,robo3,3.680785,0.03270394,0.0002325171233982875,0.0004664335474388917
Muller glia,205,1602,cyp26a1,3.6797898,0.46542054,0.00023342634043663682,0.00046778825738804974
Muller glia,205,1602,spegb,3.6745298,0.3060623,0.000238287882423777,0.0004770528176652192
Muller glia,205,1602,crtc2,3.6684167,0.3482199,0.00024405710179748347,0.00048811420359496694
Muller glia,205,1602,lmo3,3.651997,1.2534528,0.0002602088386583082,0.0005198977795370794
Muller glia,205,1602,si:rp71-1d10.8,3.6389182,-0.2436519,0.0002737857502935289,0.0005464785435000577
Muller glia,205,1602,col4a5,3.6372123,0.6880744,0.0002756048179073016,0.0005495609529557361
Muller glia,205,1602,odf3b,3.6345112,0.8618858,0.0002785081895975964,0.000554797190433459
Muller glia,205,1602,si:dkey-165n16.1,3.6330185,1.0073882,0.0002801249561613076,0.0005574625993259853
Muller glia,205,1602,onecutl,3.6315258,0.51781577,0.00028175051427581767,0.0005601401874270729
Muller glia,205,1602,runx1t1,3.6125472,0.3775518,0.0003032039429906029,0.0006021925382137099
Muller glia,205,1602,kcnn1a,3.598402,0.54078025,0.0003201783939162236,0.0006352745911036182
Muller glia,205,1602,si:ch211-254n4.3,3.595559,1.4217459,0.00032369598848470575,0.0006416174201877221
Muller glia,205,1602,mgat1a,3.5952744,1.0222538,0.0003240497302839672,0.0006416826342256777
Muller glia,205,1602,prkcdb,3.5797079,0.605024,0.00034397867777559183,0.0006804721617716951
Muller glia,205,1602,stmn2b,3.5768645,0.17095459,0.0003477402823195098,0.0006872337595247229
Muller glia,205,1602,si:ch211-165d12.4,3.5752296,0.50785285,0.00034992059251912983,0.0006908600049736029
Muller glia,205,1602,mmp17b,3.5608003,0.4016412,0.00036972630599055,0.0007292432070819527
Muller glia,205,1602,si:dkey-21c1.4,3.5598762,0.55330426,0.00037102970275220055,0.0007310930103491637
Muller glia,205,1602,pip5k1ba,3.5472238,0.72596234,0.00038931377737645115,0.0007663657034969511
Muller glia,205,1602,si:ch73-335l21.4,3.5450914,1.7600372,0.00039247706196841127,0.0007718329635563644
Muller glia,205,1602,sc:d189,3.5374146,0.8709666,0.0004040648444793495,0.0007938405588985255
Muller glia,205,1602,kif26ba,3.5307329,0.5928982,0.00041440986618582984,0.0008133657825040822
Muller glia,205,1602,bcl11ba,3.5300932,1.0119796,0.00041541321618603213,0.0008145357180118276
Muller glia,205,1602,nyx,3.5172276,0.8678659,0.00043607968207008614,0.0008542207288346448
Muller glia,205,1602,tafa5a,3.5030825,1.0269816,0.00045990700628154073,0.0009000137109227802
Muller glia,205,1602,triobpa,3.4945529,0.7199776,0.0004748567090712239,0.0009283611125537125
Muller glia,205,1602,fam160a1a,3.4919229,1.0329587,0.0004795568573896618,0.0009366344870891831
Muller glia,205,1602,nxph1,3.471949,0.4150801,0.000516694413491817,0.001008184221447448
Muller glia,205,1602,syt7b,3.4697456,0.80979365,0.0005209516789157333,0.0010155003487636125
Muller glia,205,1602,calb2a,3.4680395,1.1282212,0.0005242700545924922,0.0010209738161489625
Muller glia,205,1602,gria2b,3.4661205,1.114294,0.0005280267689948713,0.0010272894338421619
Muller glia,205,1602,rho,3.4617133,0.6665449,0.0005367484430706414,0.001043242843674716
Muller glia,205,1602,chgb,3.4597943,1.025109,0.0005405883886195259,0.0010496861914942252
Muller glia,205,1602,CABZ01064859.2,3.4572353,0.84041965,0.0005457481372274371,0.0010586772788117112
Muller glia,205,1602,rlbp1b,3.4514067,-0.3835378,0.0005576726490036307,0.0010807609476814548
Muller glia,205,1602,efemp2a,3.4484923,1.1690754,0.0005637254929294411,0.0010914336745971756
Muller glia,205,1602,gria1b,3.4469995,0.9273066,0.0005668493713841077,0.0010964204475514656
Muller glia,205,1602,nid1a,3.4435878,0.17920987,0.0005740503003076948,0.001109275942623565
Muller glia,205,1602,pou2f2a,3.439252,0.16361322,0.000583324398465794,0.0011261088773470926
Muller glia,205,1602,akap6,3.4337785,0.9948786,0.0005952302337073361,0.0011479850216149204
Muller glia,205,1602,ripor1,3.4297268,0.41773054,0.0006041889161043334,0.0011641404934572897
Muller glia,205,1602,dcbld1,3.4293716,0.07047464,0.0006049807227622838,0.0011645442209091124
Muller glia,205,1602,snx7,3.429016,0.73361325,0.0006057734950743735,0.0011649490289891797
Muller glia,205,1602,rims4,3.42795,0.8132528,0.0006081576167149458,0.001168410406753018
Muller glia,205,1602,alcamb,3.4220502,0.26714376,0.000621508351955884,0.0011929143031782802
Muller glia,205,1602,ENSDARG00000026086,3.4116013,1.1002842,0.0006458249711636926,0.0012383987941777424
Muller glia,205,1602,nxph2b,3.4106772,0.8870078,0.0006480174705240937,0.0012414127787817887
Muller glia,205,1602,cmbl,3.4093268,1.1473118,0.0006512343475789976,0.001246381526466981
Muller glia,205,1602,si:ch211-23l10.3,3.3995175,1.5315524,0.0006750484783241984,0.0012907236679238975
Muller glia,205,1602,gngt2a,3.394613,0.39637843,0.0006872568133574699,0.001312580605649094
Muller glia,205,1602,mstnb,3.3943996,0.5151821,0.0006877922373601253,0.001312580605649094
Muller glia,205,1602,abhd15a,3.3864386,0.68995774,0.0007080610519874462,0.0013499734070304028
Muller glia,205,1602,rbp4l,3.3845906,0.6162082,0.0007128450255683948,0.0013578000487017043
Muller glia,205,1602,fabp11a,3.3834534,0.88631445,0.0007158039185224431,0.0013621387602710622
Muller glia,205,1602,rasd4,3.3816762,1.3435231,0.0007204500415186752,0.0013696768850164926
Muller glia,205,1602,si:dkey-195m11.8,3.3812497,1.0923721,0.0007215692722551918,0.0013705019416053027
Muller glia,205,1602,BX927333.1,3.3749235,1.3836099,0.0007383620194078577,0.0014010664504892935
Muller glia,205,1602,pou3f1,3.3695214,0.54019046,0.000752988473387905,0.0014274663002614312
Muller glia,205,1602,gcshb,3.3662517,1.7044823,0.0007619715659340893,0.0014421342499338586
Muller glia,205,1602,slc16a8,3.3661807,1.0120192,0.0007621679510900442,0.0014421342499338586
Muller glia,205,1602,draxin,3.3607073,-0.1062158,0.0007774315168035396,0.001469624795469829
Muller glia,205,1602,e2f8,3.359428,0.22427985,0.0007810403094748441,0.001475052520254663
Muller glia,205,1602,inab,3.3556607,0.35580254,0.0007917566992890222,0.0014938805646962682
Muller glia,205,1602,hemgn,3.3510404,0.4131037,0.0008050857339955467,0.001517597990566535
Muller glia,205,1602,si:ch211-222l21.1,3.3504717,0.6922219,0.0008067405449311099,0.0015192853953504893
Muller glia,205,1602,si:dkey-14d8.20,3.3459225,-0.06190597,0.0008200931031774729,0.0015429785572483028
Muller glia,205,1602,hck,3.3430793,0.59295493,0.0008285422696943262,0.0015574102813803122
Muller glia,205,1602,lsp1a,3.3371084,0.2766199,0.0008465490139309009,0.0015897634064430063
Muller glia,205,1602,slitrk6,3.3222525,0.5970224,0.0008929383156195822,0.001675306408291899
Muller glia,205,1602,mettl27,3.301497,0.865823,0.0009617039153338882,0.0018026315189013837
Muller glia,205,1602,zgc:174935,3.2982984,1.0711613,0.0009727274517182301,0.001821586988236386
Muller glia,205,1602,LO017648.1,3.2933226,1.4300294,0.000990107974652095,0.0018524003267578952
Muller glia,205,1602,rad9a,3.2921853,0.5860665,0.0009941208296410477,0.0018581697750299957
Muller glia,205,1602,rpe65a,3.2829447,-0.0159121,0.001027287829038244,0.0019183712960564783
Muller glia,205,1602,mab21l2,3.2788222,1.3043349,0.0010424132959128603,0.00194480092521056
Muller glia,205,1602,col9a2,3.2710743,0.521151,0.0010713976866089463,0.001995655523772253
Muller glia,205,1602,itprid2,3.2710032,0.05031347,0.0010716670162656998,0.001995655523772253
Muller glia,205,1602,stxbp6l,3.2688708,0.15548109,0.0010797760874279693,0.002008885744052036
Muller glia,205,1602,si:ch211-168d1.3,3.2640374,0.8550842,0.0010983672111463218,0.002041574741907661
Muller glia,205,1602,coch,3.251527,0.97429365,0.001147868687506105,0.002131603876520158
Muller glia,205,1602,vav3b-1,3.246267,0.71994555,0.0011692911116375129,0.0021693712646336043
Muller glia,205,1602,cplx2,3.2302027,-0.3955833,0.001237024719519396,0.002292909582056341
Muller glia,205,1602,tspo,3.221673,1.5577052,0.001274444921682846,0.0023600831883015664
Muller glia,205,1602,angptl1a,3.2145648,1.1446303,0.0013064237183828013,0.0024170651588950997
Muller glia,205,1602,si:ch73-43g23.1,3.2125747,0.01482978,0.0013155095724366515,0.0024316258270548085
Muller glia,205,1602,ptprfa,3.2105844,0.55910945,0.0013246537064515605,0.0024462672325975265
Muller glia,205,1602,pax2a,3.2012727,1.7020023,0.001368219393194911,0.002522063397594306
Muller glia,205,1602,zfp36l2,3.2009885,0.5129576,0.001369570202380856,0.0025222287336664016
Muller glia,205,1602,gfra3,3.192672,0.1905307,0.0014096297408509482,0.002593614978566602
Muller glia,205,1602,comp,3.1867013,0.9024407,0.0014390536684010672,0.0026453192433843146
Muller glia,205,1602,fjx1,3.1842134,1.7372969,0.0014514798970267115,0.0026657114729599844
Muller glia,205,1602,kcnc1a,3.1737645,0.56166315,0.0015047575420816558,0.002761023012993864
Muller glia,205,1602,mctp1a,3.1640263,0.4658898,0.0015560270217471553,0.002852478499994785
Muller glia,205,1602,ndnf,3.161965,0.8009621,0.00156708392097355,0.002870117071380128
Muller glia,205,1602,si:dkey-1h6.8,3.1485307,0.8261908,0.0016409347955341409,0.0030026254264119688
Muller glia,205,1602,rce1b,3.1456163,2.6426008,0.0016573723277806842,0.00302993112939796
Muller glia,205,1602,TMC1,3.144337,0.9897459,0.0016646365503490894,0.003040432055432127
Muller glia,205,1602,tppp2,3.1412804,0.59969306,0.001682108703228054,0.0030695414292482735
Muller glia,205,1602,ppdpfa,3.1396456,0.6295264,0.0016915233743149316,0.0030839077015769037
Muller glia,205,1602,mtus2a,3.1319687,0.33173978,0.0017363829682602175,0.003162810506849212
Muller glia,205,1602,si:ch1073-406l10.2,3.127704,0.797976,0.0017617751479576975,0.003206142216483526
Muller glia,205,1602,pacs2,3.1265666,1.0348971,0.001768603814958044,0.0032156432999237163
Muller glia,205,1602,gng10,3.1033943,0.7384482,0.0019131455578729282,0.003475287116935383
Muller glia,205,1602,prss23,3.1018305,1.0924386,0.0019232803011683247,0.0034905268623744547
Muller glia,205,1602,ifi30,3.094154,1.099015,0.001973751490508901,0.0035788784959363573
Muller glia,205,1602,gins3,3.085482,0.23461282,0.00203222586930515,0.003681568603813677
Muller glia,205,1602,cacna1db-3,3.0823543,1.8865554,0.0020537020751946696,0.0037171078284066418
Muller glia,205,1602,rlbp1a,3.075033,0.5492245,0.0021047925751448517,0.0038061348555964766
Muller glia,205,1602,grn1,3.0721188,1.1623601,0.0021254519422854285,0.003840021575944767
Muller glia,205,1602,syt10,3.0709815,1.509322,0.0021335644527486885,0.003851199373192578
Muller glia,205,1602,si:dkey-32n7.4,3.0675695,0.736414,0.002158072639665166,0.0038919254096756823
Muller glia,205,1602,nrbp2a,3.0526426,0.046332702,0.0022683599435511367,0.004087135033425471
Muller glia,205,1602,FAM167A,3.0451078,0.8935013,0.002325968245719209,0.004187161558450421
Muller glia,205,1602,aldh3a1,3.0324554,0.8623242,0.0024257284466522974,0.004362820947216362
Muller glia,205,1602,ccl34b.1,3.027764,0.55911547,0.0024637026634962856,0.00442316456642062
Muller glia,205,1602,si:dkey-126g1.7,3.027764,1.1715935,0.0024637026634962856,0.00442316456642062
Muller glia,205,1602,cygb1,3.0271955,0.05184794,0.002468342376669168,0.004427519958150975
Muller glia,205,1602,lypd6,3.0149696,1.1345026,0.0025700500934291597,0.004605824540195627
Muller glia,205,1602,kirrel3a,3.0104203,1.2933376,0.0026088629849309484,0.004671196033896058
Muller glia,205,1602,CABZ01073795.1,3.0072217,1.4817984,0.002636473363389517,0.004716410310178026
Muller glia,205,1602,prkd1,3.0053027,1.1452622,0.002653167539972168,0.004742033136679478
Muller glia,205,1602,sh2d5,3.0033123,0.84591573,0.0026705820226025634,0.004768896468933148
Muller glia,205,1602,fgfr3,2.9966307,1.4648988,0.0027298117231275114,0.0048703152954995745
Muller glia,205,1602,gcgra,2.9917262,0.9170957,0.002774049994667725,0.004943879197518447
Muller glia,205,1602,epha6,2.9915128,0.3130592,0.002775988169406608,0.004943879197518447
Muller glia,205,1602,aatkb,2.9902334,0.44353285,0.0027876432150268893,0.0049602192438200875
Muller glia,205,1602,slc26a2,2.9814904,0.48779818,0.0028684896734477426,0.005099537197240431
Muller glia,205,1602,tnfsf10l,2.9808507,0.52061,0.002874488498495587,0.005105663407629818
Muller glia,205,1602,cpne8,2.9690514,0.38773695,0.002987207108730808,0.005301166120196643
Muller glia,205,1602,tnfrsf9a,2.9637914,0.6354426,0.0030387427895021825,0.00538784182535848
Muller glia,205,1602,lgals3bpb,2.9612324,0.31701574,0.0030641062814303114,0.005428000498547939
Muller glia,205,1602,grm6b,2.9599528,-0.6486548,0.00307686029243187,0.0054422109036637205
Muller glia,205,1602,opn9,2.9598818,1.2288005,0.003077570266021834,0.0054422109036637205
Muller glia,205,1602,cemip,2.9571097,0.101856515,0.0031053760341119134,0.005486530095604088
Muller glia,205,1602,ntrk3a,2.9554749,0.6129273,0.00312188149154105,0.00551082346256143
Muller glia,205,1602,ism1,2.9420404,-0.19376886,0.0032605722813356633,0.005750568397417396
Muller glia,205,1602,plekhd1,2.9399793,-0.115813725,0.0032823427774565186,0.005782968381391605
Muller glia,205,1602,CU467837.1,2.9396238,0.71046346,0.0032861096667835,0.005782968381391605
Muller glia,205,1602,opn1mw4,2.9394817,1.1920009,0.0032876175248211276,0.005782968381391605
Muller glia,205,1602,mtnr1ab,2.938913,0.8406763,0.0032936552616897726,0.005788497823707861
Muller glia,205,1602,chrnb5a,2.935359,1.8341613,0.003331620509446865,0.005850079911232423
Muller glia,205,1602,frmpd3,2.918868,1.4761273,0.003513047674738789,0.006163241534629455
Muller glia,205,1602,ewsr1b-1,2.902946,0.7032104,0.0036967034031323482,0.006479760566402012
Muller glia,205,1602,rasd1,2.894985,1.097236,0.0037917669879885593,0.0066405726584738345
Muller glia,205,1602,foxd1,2.8935633,0.45090213,0.0038089745594753308,0.006664872370035575
Muller glia,205,1602,cybrd1,2.8919995,1.1258568,0.003827984822031839,0.0066922811573983205
Muller glia,205,1602,zmp:0000001048,2.889938,1.6770297,0.0038531755151592446,0.006730437581064183
Muller glia,205,1602,insm1b,2.8861709,0.3176273,0.003899603141937901,0.0068055901255460755
Muller glia,205,1602,myo10l1,2.881906,-0.038860075,0.003952775523388952,0.006892372316284137
Muller glia,205,1602,arhgdig,2.8715281,-0.09661724,0.004084922729238938,0.007116590120625328
Muller glia,205,1602,rprm3,2.8688982,0.9867627,0.004119042806134694,0.00716978730397684
Muller glia,205,1602,dgkaa,2.855606,0.30632505,0.0042954766196116176,0.007470394121063683
Muller glia,205,1602,map4l,2.8486402,0.4572563,0.0043906506110865445,0.007629279949759417
Muller glia,205,1602,kcnab2b,2.8462234,0.3206305,0.004424114146113818,0.0076807537258920455
Muller glia,205,1602,cx52.6,2.8455837,0.59754705,0.004433010746066836,0.0076895242776527945
Muller glia,205,1602,BX927362.2,2.8385468,0.81907296,0.0045319489248707824,0.007854330892323713
Muller glia,205,1602,gabrb1,2.837907,1.1789314,0.004541041762031749,0.007863275778409956
Muller glia,205,1602,camkvb,2.8305857,1.1959572,0.004646287366643965,0.008038559457861532
Muller glia,205,1602,ADGRL3,2.8250413,0.005751591,0.004727452139825115,0.00817191381127937
Muller glia,205,1602,ckmt1,2.8187861,0.17376429,0.00482056176878258,0.008325667994443144
Muller glia,205,1602,si:ch211-212k18.7,2.8179333,0.38326555,0.004833386291800533,0.008340614826230427
Muller glia,205,1602,spi1b,2.8112516,0.6160803,0.004934917932383692,0.008508479193764988
Muller glia,205,1602,csmd3a-1,2.805423,1.140336,0.005025059181768686,0.008656432698998597
Muller glia,205,1602,lpl,2.7990258,0.5347006,0.005125706128027555,0.008822213645486326
Muller glia,205,1602,dlgap4b,2.79405,0.15999816,0.0052052428118973095,0.008951406383314375
Muller glia,205,1602,pde4ca,2.788648,0.82369035,0.005292858072230263,0.009094257856065744
Muller glia,205,1602,egr4,2.786018,0.40965638,0.005335993111849959,0.009160503196308942
Muller glia,205,1602,chrna6,2.7794783,0.94539124,0.0054446271749939825,0.009338983147502544
Muller glia,205,1602,cacna1g,2.7727969,1.3307608,0.005557681139459197,0.009524732029921502
Muller glia,205,1602,kcnh6a,2.7688873,0.7882164,0.005624807884326943,0.009631520349874903
Muller glia,205,1602,ryr3,2.7679634,0.90066874,0.005640780699449628,0.00965060855337832
Muller glia,205,1602,si:ch73-173p19.2,2.7656176,0.5418464,0.005681511002888067,0.009711984620321482
Muller glia,205,1602,pvalb8,2.7600734,0.8145304,0.005778839107652705,0.00986992161853579
Muller glia,205,1602,prss35,2.7592204,0.17729291,0.005793945372702453,0.0098872787930076
Muller glia,205,1602,zgc:153911,2.7474208,0.54911464,0.006006599441451724,0.010241431272722461
Muller glia,205,1602,neo1b,2.7383225,0.18977682,0.006175347721399293,0.01052018351175348
Muller glia,205,1602,vasnb,2.7377539,0.6349624,0.006186034881218681,0.010529421074414777
Muller glia,205,1602,serpinh1b,2.7155766,2.2071831,0.006616046112328865,0.011251779102600112
Muller glia,205,1602,nbeab,2.714866,0.29489207,0.006630262566980635,0.011266376494444579
Muller glia,205,1602,rbm47,2.712307,1.4264777,0.006681669507598188,0.011344090844818655
Muller glia,205,1602,hecw2a,2.7107432,0.60288614,0.006713260977390738,0.01137840843625549
Muller glia,205,1602,dab2,2.7107432,0.5500721,0.006713260977390738,0.01137840843625549
Muller glia,205,1602,si:ch211-213a13.2,2.7014315,1.3444955,0.006904169402237565,0.011692073500825682
Muller glia,205,1602,ppfibp2b,2.696669,0.7716502,0.007003682599352809,0.011850562773862622
Muller glia,205,1602,rnd3b,2.6960294,0.3794741,0.007017147725404751,0.011863309763997886
Muller glia,205,1602,slitrk3a,2.694039,0.40553376,0.007059188029332132,0.011924304103601575
Muller glia,205,1602,zgc:91968,2.6870022,0.71112883,0.007209649972567164,0.012168185607708293
Muller glia,205,1602,CDHR1,2.6861491,1.4629654,0.007228082015275223,0.012189008457462434
Muller glia,205,1602,si:ch211-195b11.3,2.6847274,1.2241971,0.0072588960833931656,0.012230658944217633
Muller glia,205,1602,si:ch211-113g11.6,2.6540205,0.82318723,0.007953898564282745,0.013390401623371625
Muller glia,205,1602,si:ch211-183d5.2,2.645775,2.0165462,0.008150397298102102,0.013709667448447605
Muller glia,205,1602,sdk1a,2.6310613,0.48194844,0.00851186587400073,0.014305656931093664
Muller glia,205,1602,unm_sa1614,2.6291423,-0.42449918,0.00856005570706881,0.01437456877761345
Muller glia,205,1602,pmela,2.6282182,0.1356101,0.008583345096145492,0.014401585731787738
Muller glia,205,1602,lipg,2.6172006,0.75412184,0.008865422250874003,0.014862401091155076
Muller glia,205,1602,plcd3a,2.614073,0.9151619,0.008946990659858116,0.014986584019862841
Muller glia,205,1602,her15.1,2.6064675,0.6744034,0.009148153671185063,0.015310717441313912
Muller glia,205,1602,nmd3,2.6058276,0.63450515,0.009165256609169482,0.015326516068845289
Muller glia,205,1602,BX004816.2,2.59481,1.135976,0.009464319277977794,0.01581339896069807
Muller glia,205,1602,si:dkey-199m13.7,2.5926065,1.7503086,0.009525165813550443,0.01590177932145316
Muller glia,205,1602,kcnip1b,2.5746942,-0.02316869,0.010032874736554365,0.016735404064310868
Muller glia,205,1602,bcan,2.5539386,1.240725,0.010651204964442053,0.01775200827407009
Muller glia,205,1602,sox9b,2.552659,0.6122085,0.010690407157914382,0.017802509838325365
Muller glia,205,1602,gngt2b,2.5503845,0.41501716,0.010760416826226813,0.017904187730826644
Muller glia,205,1602,zgc:114181,2.54811,1.276302,0.010830833806345171,0.01800637374288474
Muller glia,205,1602,es1,2.5415704,0.22714135,0.011035569642783611,0.01833151103452427
Muller glia,205,1602,pou6f2,2.5337515,-0.489498,0.011284870522288108,0.01873007555566491
Muller glia,205,1602,kcnh7,2.5301976,0.9844997,0.011399833061568984,0.018905195790329992
Muller glia,205,1602,pde6gb,2.5269277,0.5337052,0.011506515575368631,0.01906630584153874
Muller glia,205,1602,nr4a2a,2.518256,0.5185756,0.011793759288656282,0.0195260915375104
Muller glia,205,1602,synpo2lb,2.513849,0.71821815,0.011942158624257572,0.019755431967340895
Muller glia,205,1602,aqp8a.1,2.501623,1.3641059,0.012362549807067908,0.020433966623252742
Muller glia,205,1602,epas1a,2.5011964,0.65549654,0.012377448331846532,0.02044169831849138
Muller glia,205,1602,si:ch211-236l14.4,2.50077,0.74901986,0.012392362757726564,0.02044944349459829
Muller glia,205,1602,olfm3a,2.4965053,0.0012838084,0.01254238471797101,0.020679941826827714
Muller glia,205,1602,g0s2,2.4876912,0.45997182,0.012857535093639141,0.02118210064849941
Muller glia,205,1602,insm1a,2.4851322,-0.36837405,0.012950333263365208,0.021317421009654662
Muller glia,205,1602,tnfrsf11b,2.4835684,0.96302056,0.013007334489506769,0.02139364225247824
Muller glia,205,1602,plk2b,2.4825022,0.08623705,0.013046326091691433,0.021440141481826512
Muller glia,205,1602,gbx2,2.4818625,0.22270021,0.013069770642858108,0.021461035538354857
Muller glia,205,1602,ugt1b5,2.4799433,1.300011,0.01314032801212575,0.02155919280086259
Muller glia,205,1602,zgc:193505,2.4750388,1.3337853,0.013322173773171887,0.02182174246219801
Muller glia,205,1602,cxcl12a,2.4750388,0.67767084,0.013322173773171887,0.02182174246219801
Muller glia,205,1602,klf1,2.4731905,0.74615,0.013391270242778867,0.021916972574106165
Muller glia,205,1602,itga6b,2.4676464,1.4891448,0.013600463761216396,0.02224115087688699
Muller glia,205,1602,si:dkeyp-120h9.1,2.4668643,0.28685197,0.013630196506478879,0.022271562919083134
Muller glia,205,1602,evpla,2.441986,0.6916385,0.0146067105586782,0.02384769070804604
Muller glia,205,1602,sorcs3b,2.4294047,1.4278483,0.015123638897655538,0.024671515330596312
Muller glia,205,1602,arhgef15,2.4264193,1.1772944,0.015248639810575773,0.02485515861544543
Muller glia,205,1602,gabrr3b,2.4163258,0.54871655,0.01567802445591789,0.025534241784882557
Muller glia,205,1602,arpc1b,2.4158993,0.21776326,0.015696399390670898,0.02554336760076631
Muller glia,205,1602,ctsk,2.3974183,0.9182723,0.016511062357880656,0.026847255866472613
Muller glia,205,1602,sox3,2.396423,0.3245554,0.016555963850472036,0.026898397807428163
Muller glia,205,1602,capgb,2.3942907,1.778551,0.01665254260908159,0.02703334839136622
Muller glia,205,1602,spam1,2.390879,1.4104921,0.016808097756314304,0.02726374331924461
Muller glia,205,1602,vasna,2.3867562,0.37806493,0.0169977609472782,0.027549045295426584
Muller glia,205,1602,thbs3a,2.380359,1.381685,0.017295784480129906,0.02800936757915774
Muller glia,205,1602,ryr1b,2.3652897,0.7237849,0.018015971219288503,0.029152056989139974
Muller glia,205,1602,etv4,2.3644366,2.0487938,0.018057510760174117,0.02919565199704788
Muller glia,205,1602,npas4a,2.3623042,0.44445404,0.018161726809811644,0.029340431033621397
Muller glia,205,1602,cebpa,2.3613093,0.69714695,0.018210540947799177,0.029383102847652116
Muller glia,205,1602,syt9b,2.361167,0.7040283,0.01821752376554431,0.029383102847652116
Muller glia,205,1602,zgc:152791,2.359248,0.63987094,0.01831202151716398,0.029511718802842833
Muller glia,205,1602,krt222,2.3522108,1.0181065,0.01866219438105606,0.03005184280363295
Muller glia,205,1602,cacna1ab,2.3516421,-0.1570827,0.018690745339449796,0.030073604729605463
Muller glia,205,1602,si:dkey-235d18.5,2.3510025,0.6003435,0.0187229108372036,0.030101142825086174
Muller glia,205,1602,fignl1,2.3352225,0.64475113,0.019531801692747146,0.03137638826144119
Muller glia,205,1602,fabp7a,2.3266928,0.47726753,0.019981623492053444,0.03207323192945978
Muller glia,205,1602,pdgfbb,2.3263373,0.52500546,0.02000056072167133,0.032077884076457626
Muller glia,205,1602,lgals9l3,2.3221436,1.8799448,0.020225205821262235,0.0323984937311425
Muller glia,205,1602,ncf2,2.3220015,1.2538999,0.020232859335098493,0.0323984937311425
Muller glia,205,1602,elf1,2.319727,0.67564857,0.020355659669454802,0.032569055471127685
Muller glia,205,1602,tcnbb,2.3106995,1.4078722,0.020849456356905823,0.033318395313169526
Muller glia,205,1602,ftr05,2.3105574,0.6042134,0.02085731546604412,0.033318395313169526
Muller glia,205,1602,chata,2.3081405,-0.6235523,0.02099131591967694,0.03350569181113638
Muller glia,205,1602,flj13639,2.3008904,0.37297827,0.021397828318083956,0.03412731789168095
Muller glia,205,1602,pde4bb,2.2993267,1.3694891,0.021486400815544652,0.03424127620007116
Muller glia,205,1602,zgc:158291,2.2989712,-0.23993644,0.021506575390553385,0.03424613915693214
Muller glia,205,1602,entpd1,2.297905,0.88645744,0.021567198103377438,0.034286559592732
Muller glia,205,1602,ppef1,2.2976205,0.22282875,0.02158338926362479,0.034286559592732
Muller glia,205,1602,sall3b,2.2976205,0.3191497,0.02158338926362479,0.034286559592732
Muller glia,205,1602,mthfsd,2.2964833,-0.15664695,0.021648259766923427,0.034362317090354644
Muller glia,205,1602,unm_hu7912,2.2943509,1.7052153,0.021770349499816065,0.03452870658178599
Muller glia,205,1602,grm5a,2.2939243,0.22529271,0.021794839225511262,0.03454015725120644
Muller glia,205,1602,cd74a,2.2885933,0.016657,0.022102989474486922,0.03500077509815823
Muller glia,205,1602,slc8a1a,2.2775757,0.84909666,0.022751862344155008,0.035999782190118686
Muller glia,205,1602,cbln1,2.2748747,0.5961273,0.02291344465593953,0.03622678996986487
Muller glia,205,1602,FAM163A,2.2735953,1.0292833,0.022990330948438532,0.03631963814919199
Muller glia,205,1602,greb1l,2.2687619,-0.3403991,0.023282816071774123,0.03675266941085103
Muller glia,205,1602,sftpbb,2.259237,1.8161145,0.02386865030294443,0.03764771341158428
Muller glia,205,1602,CR974456.1,2.2581706,0.6495343,0.023935017766166047,0.037722644233516234
Muller glia,205,1602,glula,2.2526264,0.5819405,0.024282714533237614,0.03824049532793325
Muller glia,205,1602,sytl5,2.249641,0.2979273,0.02447174300852255,0.03850785681907561
Muller glia,205,1602,ank1a,2.2486458,0.7657269,0.02453503522825353,0.03855390655715205
Muller glia,205,1602,lrp1ba,2.2485747,0.7788089,0.024539561523627282,0.03855390655715205
Muller glia,205,1602,si:dkey-27i16.2,2.247722,0.09712452,0.024593933527601874,0.038609000828260395
Muller glia,205,1602,slc4a3,2.242604,0.64897156,0.0249223624059534,0.03909390181326024
Muller glia,205,1602,dkk1b,2.2396185,0.98875296,0.025115694464204568,0.03936629226364352
Muller glia,205,1602,hist1h2a11-4,2.2389078,0.33899888,0.025161916811351152,0.039407857183008856
Muller glia,205,1602,slc18a3a,2.2376282,-0.66597927,0.025245302617911736,0.03950751583397768
Muller glia,205,1602,pou3f3b,2.2313733,0.5668638,0.02565641824744005,0.04011949686855364
Muller glia,205,1602,si:ch73-158p21.3,2.2202845,0.57996523,0.026399456231962187,0.041249150362440916
Muller glia,205,1602,noctb,2.2142427,1.0074929,0.026812088260230064,0.04186118385672141
Muller glia,205,1602,kcnj19a,2.2117548,1.2664393,0.026983607474080355,0.042096111504025514
Muller glia,205,1602,hsp70.2,2.2013059,0.11355295,0.027714371049666023,0.04320244902520035
Muller glia,205,1602,stmn3,2.2000976,0.4046609,0.027799972091451724,0.04330213721409926
Muller glia,205,1602,plp1a,2.1993868,2.0474937,0.027850432062358377,0.04334697597254222
Muller glia,205,1602,fscn1b,2.1983917,0.22558624,0.027921208676266872,0.04340533375053263
Muller glia,205,1602,si:dkey-248g21.1,2.1982496,0.74922067,0.027931332268467748,0.04340533375053263
Muller glia,205,1602,tspan36,2.1972544,0.90413046,0.028002286055152172,0.04348181064464623
Muller glia,205,1602,si:dkey-163f14.6,2.1941268,0.2565123,0.028226296052740504,0.04379564942240575
Muller glia,205,1602,cytip,2.183678,1.836875,0.028985925799863962,0.044939419844750327
Muller glia,205,1602,itgb4,2.182043,1.5051334,0.029106357498513518,0.04509118125253837
Muller glia,205,1602,htra1a,2.1801238,0.99997437,0.029248283101751982,0.045275980033671795
Muller glia,205,1602,CR388166.2,2.1773517,0.5430355,0.029454337820110803,0.045559687270086316
Muller glia,205,1602,si:dkey-73n10.1,2.1769252,1.4397511,0.029486149121978437,0.04557364624726188
Muller glia,205,1602,ndrg4,2.1754324,0.33053687,0.029597721512692337,0.04571076681496886
Muller glia,205,1602,ctss2.2,2.1718073,1.6029794,0.02987019570239651,0.046095981022216834
Muller glia,205,1602,ccser1,2.1699593,1.5928925,0.03000993211865137,0.04625686334209717
Muller glia,205,1602,TNC,2.1698172,0.9889019,0.030020704309021064,0.04625686334209717
Muller glia,205,1602,rap1gap2a,2.1622114,1.1628554,0.030601882175067235,0.047116061855376805
Muller glia,205,1602,slc41a2a,2.1587284,1.8705124,0.030871238454313478,0.047494213006636116
Muller glia,205,1602,coro2bb,2.1563828,0.90021986,0.031053786474163163,0.047738334318467586
Muller glia,205,1602,cd74b,2.1542504,-0.18239512,0.03122054241343404,0.047957822447671335
Muller glia,205,1602,aldob,2.1409583,0.15540493,0.032277406200635364,0.04954321749905659
Muller glia,205,1602,neurod2,2.1396787,0.7156087,0.03238073523163588,0.04966370434299981
Muller glia,205,1602,scn5lab,2.1332815,-0.08687724,0.03290164148501174,0.05042397162453907
Muller glia,205,1602,neurl1b,2.132002,0.31059974,0.03300667921075942,0.05054621624924873
Muller glia,205,1602,dhx30,2.128448,1.4755672,0.03329995798146804,0.05095632437868101
Muller glia,205,1602,sgms1,2.1277373,1.0399129,0.03335888054924456,0.05100746261352379
Muller glia,205,1602,nat16,2.1246808,0.37112123,0.03361326514734118,0.05135716600052128
Muller glia,205,1602,fcer1gl,2.1215532,0.1154715,0.03387528135628878,0.05171798680349432
Muller glia,205,1602,grna,2.120629,0.79672474,0.03395302865132029,0.051797145158383365
Muller glia,205,1602,gldn,2.119634,-0.16994488,0.03403692706241069,0.051885559546357755
Muller glia,205,1602,spon1b,2.1148005,0.25164992,0.034446958891878654,0.05247061521992179
Muller glia,205,1602,lhx1a,2.1076212,0.25052053,0.035063762285656316,0.05336950119582392
Muller glia,205,1602,ccn2a,2.0991626,0.20890263,0.03580256644134128,0.05445257253435936
Muller glia,205,1602,gamt,2.0957508,2.527173,0.03610430724858778,0.05486976785499662
Muller glia,205,1602,cpne7,2.0931919,0.378206,0.03633203318855271,0.055173930430603965
Muller glia,205,1602,epdl1,2.0913436,0.32901,0.03649726225688861,0.05538279553397361
Muller glia,205,1602,zgc:101100,2.0896378,-0.5870904,0.0366503492672704,0.05557293292990205
Muller glia,205,1602,slc38a5b,2.074782,1.0831182,0.03800675557844325,0.05758599330067159
Muller glia,205,1602,p3h1,2.0649016,0.3320236,0.03893230996448828,0.05894369411731761
Muller glia,205,1602,snapc2,2.064475,0.64192975,0.0389726893128912,0.05896019563221058
Muller glia,205,1602,kcnd1,2.0585043,0.17247133,0.039541745794099706,0.059775881774905074
Muller glia,205,1602,rac2,2.0553057,0.69841534,0.03984948810512637,0.06019560136726037
Muller glia,205,1602,tuba8l3,2.0549502,0.9787948,0.039883806806418294,0.06020197253798988
Muller glia,205,1602,zgc:194209,2.0508275,-0.0317374,0.040283739720330884,0.06075978841678866
Muller glia,205,1602,CABZ01076737.1,2.0495481,0.7883656,0.04040854626161307,0.06090210438826386
Muller glia,205,1602,kank3,2.0477712,2.1733315,0.0405824324768789,0.06111812120011882
Muller glia,205,1602,cfp,2.036185,0.94705105,0.04173179053541997,0.06280179162591418
Muller glia,205,1602,lama4,2.0313513,0.5130973,0.04221935977778725,0.0634833805992545
Muller glia,205,1602,vip,2.0310671,0.4465006,0.04224818978880387,0.0634833805992545
Muller glia,205,1602,slc5a7a,2.0303562,-1.2461066,0.04232033769171273,0.06354405058815725
Muller glia,205,1602,dnajb1b,2.0254517,0.11102406,0.04282100426997207,0.06424756829703236
Muller glia,205,1602,ambp,2.024883,-0.5627078,0.04287937521080983,0.06428691935653648
Muller glia,205,1602,coro1a,2.0214,1.3284482,0.04323836681521666,0.06477657949845192
Muller glia,205,1602,zgc:92161,2.0184858,0.2646318,0.04354069601489075,0.06515406034921083
Muller glia,205,1602,napsa,2.0183437,1.2752924,0.04355548934344743,0.06515406034921083
Muller glia,205,1602,adamts9,2.017846,0.671942,0.04360729943102277,0.06518280931393537
Muller glia,205,1602,rgs5a,2.0130124,0.036515303,0.04411331180695216,0.0658899354846186
Muller glia,205,1602,ociad2,2.00562,1.0396081,0.04489679515996007,0.06701014202979115
Muller glia,205,1602,gsg1l2a,2.002919,0.34102896,0.045185980227024525,0.06739146939153547
Muller glia,205,1602,GRB14,1.9982277,-0.51201653,0.045691981224735834,0.06809535204878664
Muller glia,205,1602,pdyn,1.9965217,2.3378732,0.04587716141316471,0.06832041908140686
Muller glia,205,1602,mmel1,1.993181,0.47253343,0.04624163754821486,0.06881196063722449
Muller glia,205,1602,grm1a,1.9774721,0.80476,0.04798829694752807,0.07135806237550643
Muller glia,205,1602,cep120,1.9722121,0.70248824,0.04858540368893779,0.0721922788840086
Muller glia,205,1602,adam12,1.9716434,0.35123938,0.04865032786786812,0.07223508220915831
Muller glia,205,1602,pimr138,1.9683026,0.047243938,0.04903323027308913,0.07274959981170494
Muller glia,205,1602,ccdc141,1.9663835,0.7739202,0.049254337122519046,0.07302347979617353
Muller glia,205,1602,si:zfos-2372e4.1,1.9635402,0.6502446,0.04958344019863457,0.07345694844242158
Muller glia,205,1602,calcrla,1.9567164,1.4719414,0.05038081932807452,0.07458300418663881
Muller glia,205,1602,poc5,1.9557213,0.46954829,0.05049799677053706,0.07470117865464061
Muller glia,205,1602,rab44,1.9535888,0.34474495,0.05074986038611715,0.07501827108073489
Muller glia,205,1602,mpz,1.9530202,3.305391,0.050817201457293994,0.07506233597827768
Muller glia,205,1602,dmbx1a,1.9518118,-0.13579734,0.050960549766254075,0.07521852364022742
Muller glia,205,1602,si:dkey-82i20.2,1.9491107,0.48258546,0.05128220022397742,0.07563746345719383
Muller glia,205,1602,hsp70.1,1.942358,0.09595042,0.0520937689101202,0.07677784658823905
Muller glia,205,1602,rnf220b,1.941363,1.7818118,0.05221427187814763,0.07689878038018796
Muller glia,205,1602,tagapa,1.9314116,0.83051187,0.053432172659593116,0.07863454401706124
Muller glia,205,1602,ngfb,1.9304165,1.4432272,0.053555257143411215,0.07875773109325178
Muller glia,205,1602,hydin,1.9257251,-0.23739795,0.05413870598797702,0.07955724612487439
Muller glia,205,1602,calcoco1b,1.9191856,1.6005217,0.0549608405130168,0.08070608004848281
Muller glia,205,1602,scn1laa,1.9174798,1.6748576,0.05517701416117251,0.08096407066936538
Muller glia,205,1602,zgc:171727,1.9153473,-0.8146742,0.05544822744568569,0.08130238628399661
Muller glia,205,1602,fat3b,1.9147075,-0.56077427,0.05552980772950141,0.08134264036994816
Muller glia,205,1602,si:ch211-198c19.3,1.9144943,1.1032274,0.0555570233726746,0.08134264036994816
Muller glia,205,1602,itgb2,1.9075284,1.5703342,0.05645219786026101,0.08259282788626336
Muller glia,205,1602,tcap,1.9066755,2.0053713,0.056562631623389,0.08269390588214766
Muller glia,205,1602,st6galnac1.2,1.9051117,2.0154366,0.056765560523264494,0.08292996424143827
Muller glia,205,1602,hcls1,1.9046851,1.0842447,0.05682100979396522,0.08295037926126309
Muller glia,205,1602,sp6,1.9018419,0.35749382,0.05719182443539796,0.08343081609831943
Muller glia,205,1602,znf326,1.892317,2.2016816,0.058448747935222804,0.0851953648117576
Muller glia,205,1602,krt18b,1.8920327,0.6927342,0.05848661794327159,0.0851953648117576
Muller glia,205,1602,otud1,1.8899003,4.228918,0.058771293086917864,0.08554773375097213
Muller glia,205,1602,tyrp1b,1.8862041,-0.30460706,0.05926745515582741,0.08620720749938532
Muller glia,205,1602,nek12,1.8840005,-0.5634473,0.059564894495987696,0.08657688153486584
Muller glia,205,1602,lgals9l1,1.8778166,-0.30049437,0.060406264609229175,0.08773604155298355
Muller glia,205,1602,CABZ01020840.1,1.866728,0.28887394,0.0619395916578255,0.0898978108241299
Muller glia,205,1602,dct,1.8660171,0.4626947,0.06203897057338382,0.08997675210062918
Muller glia,205,1602,cd59,1.8625342,0.7460327,0.0625278362461512,0.09056893001452526
Muller glia,205,1602,diras1b,1.8624631,5.2447863,0.0625378461750297,0.09056893001452526
Muller glia,205,1602,mthfd2l,1.8580561,1.0884396,0.06316105495608067,0.0914052893720415
Muller glia,205,1602,bnc2,1.8567055,0.6100334,0.06335306266184036,0.09161686574380384
Muller glia,205,1602,irx3a,1.8515166,0.095369264,0.0640952682608955,0.09260756220381776
Muller glia,205,1602,gpr158b,1.8512323,0.62712914,0.06413614367386454,0.09260756220381776
Muller glia,205,1602,slc25a37,1.850948,0.52778614,0.0641770406072457,0.09260756220381776
Muller glia,205,1602,egr2a,1.8498107,0.04547481,0.06434084370535065,0.09277699164434124
Muller glia,205,1602,kcnj11l-1,1.8473939,0.26702088,0.064690071331781,0.09321335926769596
Muller glia,205,1602,grm8b,1.844835,2.3181524,0.06506154513168856,0.09368113049919159
Muller glia,205,1602,fabp11b,1.843982,-0.48911828,0.06518576006201106,0.09379246052087922
Muller glia,205,1602,sstr1b,1.8402858,0.27798378,0.06572628697019403,0.09450220987806475
Muller glia,205,1602,mmp23bb,1.8392907,0.96185327,0.06587244304502064,0.09464431471985725
Muller glia,205,1602,fbln7,1.8320404,-0.4808079,0.0669453982771245,0.09611686759098993
Muller glia,205,1602,col1a1b,1.8242215,-0.038248282,0.06811858959097389,0.09773111849494102
Muller glia,205,1602,irf8,1.8208096,0.1431778,0.06863579941941791,0.09840257981278554
Muller glia,205,1602,galnt17,1.8185351,0.14300294,0.06898239572477977,0.09882864717017159
Muller glia,205,1602,cacna1bb,1.8134172,0.06779628,0.06976749643456719,0.09988188465936605
Muller glia,205,1602,ackr4b,1.8115691,1.2142365,0.07005280154127416,0.10021860020210896
Muller glia,205,1602,slc6a6a,1.8003383,-0.4109413,0.07180723371151,0.10265508750751966
Muller glia,205,1602,ankrd6a,1.7999829,0.21357384,0.07186333601241578,0.10266190858916541
Muller glia,205,1602,adcy3a,1.7987034,1.0127208,0.0720656016730949,0.10282004609365858
Muller glia,205,1602,unc80,1.7986324,0.25765076,0.07207685231165466,0.10282004609365858
Muller glia,205,1602,cxcr4b,1.7905291,0.52157044,0.07336888565627776,0.10458857541878512
Muller glia,205,1602,zgc:154164,1.7865486,-0.85917896,0.07401047311040292,0.10542802437379334
Muller glia,205,1602,cdc42ep1b,1.7839897,2.1669335,0.07442533869597608,0.10586819160167295
Muller glia,205,1602,si:ch211-125m10.6,1.7839897,1.4021734,0.07442533869597608,0.10586819160167295
Muller glia,205,1602,csmd2,1.7745359,1.0493512,0.0759745436288582,0.10799508689247789
Muller glia,205,1602,tm6sf2,1.7678543,-0.39524576,0.07708526024871377,0.10949610830783207
Muller glia,205,1602,lyn,1.7630919,1.3783064,0.07788499090296358,0.1105535711894444
Muller glia,205,1602,lamp1a,1.7613149,1.236934,0.07818512331014267,0.11090088412786195
Muller glia,205,1602,slc29a1b,1.7497287,1.1220447,0.08016514189628357,0.11362883330444162
Muller glia,205,1602,faap24,1.7458903,-0.3156219,0.08083001374591776,0.11449010445597417
Muller glia,205,1602,lrp1bb,1.744753,0.66726065,0.0810278704403716,0.11468913013499164
Muller glia,205,1602,spi1a,1.7372184,0.80909353,0.08234862207725577,0.11647612740771679
Muller glia,205,1602,khdrbs2,1.7312477,-0.9255578,0.08340760656351331,0.1178906099837644
Muller glia,205,1602,pmelb,1.7287598,-0.04045816,0.08385209327874425,0.11843515999822635
Muller glia,205,1602,si:ch211-196c10.13,1.7171736,0.43863782,0.08594745631573111,0.121309042082895
Muller glia,205,1602,si:dkeyp-50b9.1,1.7165339,1.4205803,0.08606437272735061,0.12138839594830834
Muller glia,205,1602,angptl2a,1.7159653,3.0233853,0.08616840626517748,0.12144948028918602
Muller glia,205,1602,BEND7,1.7036682,0.5603609,0.08844308729779442,0.12456772858844285
Muller glia,205,1602,ERBB4,1.6953517,1.1022797,0.09000871216203046,0.12668362021397672
Muller glia,205,1602,tgm2l,1.6861823,0.55590403,0.09176068954089492,0.1290586350786145
Muller glia,205,1602,efnb2b,1.685045,0.35053772,0.09197988637962791,0.12927601739933647
Muller glia,205,1602,lcp1,1.6822729,0.75172436,0.092515941261772,0.12993811974967978
Muller glia,205,1602,golim4a,1.6813488,0.8190779,0.09269518268085006,0.1300985020082106
Muller glia,205,1602,hbaa1,1.6800693,0.17506608,0.09294382326164125,0.13035599335433556
Muller glia,205,1602,otofa,1.6787188,0.4255418,0.09320685768264993,0.130633297382831
Muller glia,205,1602,s100b,1.6712554,0.6975353,0.0946712589343088,0.13259279962788348
Muller glia,205,1602,si:ch211-139d20.3,1.6605221,0.19120656,0.09680946784704098,0.135437825929461
Muller glia,205,1602,si:dkey-260g12.1,1.6603799,0.038268894,0.09683804553956461,0.135437825929461
Muller glia,205,1602,egr3,1.6470878,1.0006827,0.09954000246310507,0.13911950029784076
Muller glia,205,1602,cldn19,1.6456661,1.0449337,0.09983250749295805,0.13943087638681292
Muller glia,205,1602,si:dkey-175g6.2,1.6419699,-0.30060682,0.1005962294527691,0.14039948283708178
Muller glia,205,1602,dchs1a,1.6377051,0.16564661,0.10148322530038013,0.14153866848030702
Muller glia,205,1602,tppp3,1.6330137,3.5633905,0.1024661023795277,0.1428098987867982
Muller glia,205,1602,csrnp1a,1.6290332,-0.42305076,0.10330598487181405,0.14388020177132876
Muller glia,205,1602,actb1,1.6285356,0.50306964,0.10341135390683977,0.14392672777569904
Muller glia,205,1602,uts1,1.6234889,0.31603667,0.10448493125498443,0.14531979312237056
Muller glia,205,1602,pmaip1,1.6175181,0.50976163,0.10576648876256575,0.14699998438160633
Muller glia,205,1602,tns1b,1.6168073,-0.07672564,0.10591988211268373,0.1471109473787274
Muller glia,205,1602,cbln2b,1.6151013,0.38447437,0.10628874605187529,0.1475208133960795
Muller glia,205,1602,b4galnt4b,1.6138219,-0.27030203,0.10656606179119922,0.1478031370196938
Muller glia,205,1602,hbba1-1,1.611263,0.25234556,0.10712241359110139,0.14841189663217666
Muller glia,205,1602,si:dkey-74k8.3,1.6111208,0.4894683,0.10715338936843155,0.14841189663217666
Muller glia,205,1602,fgf12a,1.6087041,0.82418394,0.10768106401027965,0.14903953496232475
Muller glia,205,1602,ngfra,1.6023068,-0.9423067,0.10908778472086669,0.1508821365433841
Muller glia,205,1602,epyc,1.5933506,0.6248613,0.1110815632194638,0.1535336050027143
Muller glia,205,1602,si:dkey-188i13.9,1.5924265,0.9646395,0.1112888971009143,0.1537139462719811
Muller glia,205,1602,ptpn6,1.5868112,1.3781261,0.11255542418492785,0.15535600301577343
Muller glia,205,1602,mkxa,1.5842522,0.71845615,0.11313633196190356,0.15605011305090147
Muller glia,205,1602,col1a2,1.5704626,1.9212455,0.11630754617801224,0.1602032316501546
Muller glia,205,1602,si:dkey-88e18.8,1.5704626,1.4734044,0.11630754617801224,0.1602032316501546
Muller glia,205,1602,rxfp2a,1.5677614,0.38818273,0.11693681491870701,0.16095913959904612
Muller glia,205,1602,slco2b1,1.5648471,1.4282448,0.11761875789595723,0.16178646203020253
Muller glia,205,1602,pnp4a,1.5641363,-0.9481912,0.11778555797606595,0.16190454704613874
Muller glia,205,1602,kif26bb,1.5632833,-0.51330644,0.11798596301149708,0.16206863051029818
Muller glia,205,1602,itga9,1.5624304,0.94787,0.1181866354524453,0.1622328558029448
Muller glia,205,1602,b3gnt2b,1.5580233,0.22659157,0.11922771099316865,0.16354967214426427
Muller glia,205,1602,pou4f1,1.5518394,0.5747096,0.12070067601764146,0.16545671832438857
Muller glia,205,1602,gch2,1.5487118,0.8734978,0.1214510270306687,0.16637126990502563
Muller glia,205,1602,atoh7,1.5440204,0.084856324,0.1225833879176427,0.16780751254981888
Muller glia,205,1602,hp-1,1.5416037,1.8345761,0.12316993585438175,0.16849512428779995
Muller glia,205,1602,dnase1l4.1,1.5411772,0.44419497,0.12327367144852945,0.1685217654798762
Muller glia,205,1602,hmx3a,1.5383339,0.5724212,0.12396698639080657,0.16935380654481771
Muller glia,205,1602,jdp2a,1.5371256,1.7441517,0.12426256507173242,0.16964172706038555
Muller glia,205,1602,nos1,1.5195686,0.5076044,0.128619443611022,0.17546990942840657
Muller glia,205,1602,laptm5,1.5171518,0.7881154,0.1292283594347031,0.17618044912706624
Muller glia,205,1602,CABZ01073265.1,1.5079113,0.6538905,0.1315772331275396,0.179260535596103
Muller glia,205,1602,hist1h2a3,1.5064186,-0.3064898,0.13195975181407368,0.17965929450520582
Muller glia,205,1602,c1qc,1.4934108,1.3206424,0.13532969432308214,0.18412203309262878
Muller glia,205,1602,fgd5a,1.48744,0.00016459914,0.13689864566543747,0.1861300416933208
Muller glia,205,1602,ccdc96,1.4831752,0.0393492,0.13802789032901958,0.1875378944687766
Muller glia,205,1602,si:ch211-160b11.4,1.4786259,-0.08611834,0.13924031676823997,0.18905677768939574
Muller glia,205,1602,pde6ha,1.4763514,0.36543193,0.13984959671252858,0.18975521941998452
Muller glia,205,1602,nr4a2b,1.4671819,0.8819521,0.14232657834963244,0.19298519098255246
Muller glia,205,1602,glipr2l,1.4590787,2.7902617,0.14454345478547861,0.1957787166018347
Muller glia,205,1602,znf1051,1.4589366,1.7573817,0.14458258221045495,0.1957787166018347
Muller glia,205,1602,tmem98,1.4561644,1.2468013,0.1453471902966617,0.19668078499724337
Muller glia,205,1602,si:ch73-329n5.1,1.455809,1.2448539,0.1454454405054615,0.19668078499724337
Muller glia,205,1602,srgn,1.4550982,1.0093148,0.14564209348080487,0.1968136398389255
Muller glia,205,1602,pou4f2,1.4530368,0.083856106,0.1462135383158466,0.19737248510010397
Muller glia,205,1602,ptprc,1.4528947,0.6705181,0.14625301145917705,0.19737248510010397
Muller glia,205,1602,smoc1,1.4494828,0.4580825,0.147202815097299,0.19852031705637085
Muller glia,205,1602,nags,1.4484876,0.6090698,0.14748072761356124,0.1987610884279801
Muller glia,205,1602,lmo2,1.4469239,0.4933518,0.14791825734470238,0.19921650820835335
Muller glia,205,1602,map4k2,1.4459287,0.34154636,0.14819720131237166,0.1994578752521826
Muller glia,205,1602,CABZ01075572.1,1.4415216,1.6561273,0.14943735684011764,0.20099173751192687
Muller glia,205,1602,si:ch211-5k11.8,1.440953,-0.18635091,0.1495979520577435,0.2010725162066445
Muller glia,205,1602,dgat1b,1.4324234,0.40923274,0.15202270892412847,0.2041943706166937
Muller glia,205,1602,myo5ab,1.4299355,1.9588181,0.1527355361827957,0.20501414252724257
Muller glia,205,1602,zgc:64051,1.4189179,0.5813897,0.15592294192646902,0.20915216891545138
Muller glia,205,1602,lamc3,1.4109569,0.5649925,0.1582573312714256,0.2121411947338145
Muller glia,205,1602,mafbb,1.4010767,1.7821386,0.1611911623636635,0.2159292195092612
Muller glia,205,1602,ehbp1l1a,1.3968829,0.55496645,0.1624488046259568,0.21746827928508272
Muller glia,205,1602,sptb,1.3953902,0.73086226,0.16289822199010595,0.21792404279612834
Muller glia,205,1602,si:ch211-134c9.2,1.394395,0.78975695,0.16319835410000672,0.21817961778075765
Muller glia,205,1602,ogfrl2,1.3903434,2.9046795,0.16442462608199748,0.21967217913426515
Muller glia,205,1602,slc19a2,1.3863629,0.20494562,0.16563613042254854,0.2211430312717604
Muller glia,205,1602,fgfbp1b-1,1.3850834,0.3006523,0.1660269654491976,0.22151696524242506
Muller glia,205,1602,hoxa13a,1.3771223,2.991004,0.16847442713887617,0.22463256951850155
Muller glia,205,1602,chrnb3b,1.3763404,0.19517022,0.1687162556047126,0.22480513738136257
Muller glia,205,1602,si:dkey-208k22.6,1.3665313,1.176694,0.1717722706672603,0.22872472791912157
Muller glia,205,1602,ugt5g1,1.3624797,0.64685285,0.17304655793275225,0.23026820749534566
Muller glia,205,1602,slc3a1,1.354803,1.4571483,0.1754803558618221,0.23335153705029532
Muller glia,205,1602,kcnh4b,1.3506802,1.4166001,0.17679788940842556,0.2349473613401004
Muller glia,205,1602,fgfrl1a,1.3428613,1.4900507,0.179316882935861,0.23813663072491503
Muller glia,205,1602,rgs4,1.3403023,0.59663934,0.18014704939504345,0.23908035752494156
Muller glia,205,1602,col6a4a,1.3282187,1.207389,0.18410588663355898,0.2441722634397334
Muller glia,205,1602,egr2b,1.3270813,1.281733,0.18448177399630084,0.24450864678104817
Muller glia,205,1602,gpr143,1.3219635,0.81689054,0.1861802983517855,0.24659642165799406
Muller glia,205,1602,mcamb,1.3213949,0.30853242,0.18636973442572624,0.246683963501954
Muller glia,205,1602,si:dkey-210j14.3,1.3184094,1.6131803,0.18736661108007902,0.24783943264560715
Muller glia,205,1602,tectb,1.315353,-0.099140346,0.18839129588395398,0.2489602899372597
Muller glia,205,1602,ms4a17a.17,1.3151398,1.1083255,0.1884629394825056,0.2489602899372597
Muller glia,205,1602,ngb,1.3089557,-0.73215544,0.19054935471558476,0.2515503032548974
Muller glia,205,1602,si:ch211-195m9.3,1.3035536,0.50754374,0.19238584512695533,0.25350473767872134
Muller glia,205,1602,lrrc8da,1.3035536,-0.14928086,0.19238584512695533,0.25350473767872134
Muller glia,205,1602,CR762483.1,1.3034825,3.1511006,0.1924100958981495,0.25350473767872134
Muller glia,205,1602,thbs1a,1.2989333,1.2687466,0.19396682275683086,0.25538752173381285
Muller glia,205,1602,opn4b,1.2896928,0.6176263,0.1971573509722585,0.2594175670687612
Muller glia,205,1602,mpeg1.1,1.287276,0.4573756,0.19799809958017267,0.26035253067741315
Muller glia,205,1602,CR759843.2,1.2834376,1.8277336,0.19933879185193226,0.26194322188164554
Muller glia,205,1602,slc2a11b,1.2811631,0.013281438,0.2001363996317178,0.2628186469228074
Muller glia,205,1602,hmox1a,1.2805943,0.2953653,0.2003361651785912,0.26290835325274436
Muller glia,205,1602,scara3,1.2798836,0.5768996,0.20058607675963613,0.26306370722575234
Muller glia,205,1602,myrf,1.2756188,-0.6962928,0.20209032574751995,0.2648628122510091
Muller glia,205,1602,cadps2,1.2736285,-0.6175875,0.20279511580511322,0.26561246339896954
Muller glia,205,1602,mhc2a,1.271496,-0.5390705,0.2035522330869921,0.26642962445941376
Muller glia,205,1602,si:ch211-119e14.1,1.267942,0.4230329,0.20481866429996998,0.2679119219097057
Muller glia,205,1602,cabz01093075.1,1.267089,0.3371768,0.20512345853387426,0.26813523991356114
Muller glia,205,1602,gpd1c,1.2623976,-0.1342258,0.20680572195370428,0.27015770340131195
Muller glia,205,1602,kdrl,1.2578485,-0.70251316,0.20844655034478676,0.27212343387047877
Muller glia,205,1602,rdh5,1.256498,-0.3643304,0.2089354830084944,0.2725838004024715
Muller glia,205,1602,si:dkeyp-41f9.4,1.2444853,0.73135155,0.21332101175204266,0.2779426863218797
Muller glia,205,1602,chrna2a,1.2444853,1.3979089,0.21332101175204266,0.2779426863218797
Muller glia,205,1602,nr1d4b,1.2431347,0.21901119,0.21381818341687642,0.27840909299072447
Muller glia,205,1602,slc47a1,1.2405758,-0.051100843,0.21476248428506273,0.2793091777745504
Muller glia,205,1602,ppp1r16a,1.2405047,0.0600751,0.21478875770862926,0.2793091777745504
Muller glia,205,1602,slc7a7,1.2352448,-0.5922938,0.21673942496561982,0.28166267052062355
Muller glia,205,1602,crip1,1.2325437,-0.3266968,0.21774605845850348,0.2827870889071474
Muller glia,205,1602,phex,1.2213839,1.2798345,0.2219406713368336,0.2880475942074414
Muller glia,205,1602,si:ch211-250g4.3,1.2186118,2.2532353,0.22299156101118833,0.2892238145411003
Muller glia,205,1602,cp,1.217901,2.2911928,0.2232615925556577,0.28938638049988036
Muller glia,205,1602,tmem125b,1.2144891,1.4267689,0.2245610005476908,0.29069385184167096
Muller glia,205,1602,slc6a5,1.2144891,0.6947986,0.2245610005476908,0.29069385184167096
Muller glia,205,1602,mag,1.2066702,0.3222401,0.2275591724221806,0.29438444039091927
Muller glia,205,1602,acp5a,1.2055329,0.06103581,0.2279976357914716,0.2947610029624714
Muller glia,205,1602,tnfaip8l3,1.2034005,-0.75841385,0.2288213762191491,0.29563485299631664
Muller glia,205,1602,CABZ01034082.1,1.2023343,1.5539249,0.22923404004107362,0.29597681089873934
Muller glia,205,1602,adrb2a,1.201197,1.7522753,0.22967479825300008,0.29635457839096785
Muller glia,205,1602,vav3b,1.2006994,0.8219492,0.22986781942580847,0.29641240415964987
Muller glia,205,1602,adora2aa,1.1957238,-0.59070706,0.2318043789077674,0.2987169831285662
Muller glia,205,1602,sat1a.1,1.1921697,3.4264433,0.23319470953504196,0.30012189129349026
Muller glia,205,1602,il1b,1.1921697,0.1734972,0.23319470953504196,0.30012189129349026
Muller glia,205,1602,csmd3a,1.1908902,1.2229362,0.23369667331696609,0.3005744994430432
Muller glia,205,1602,hist1h2a10,1.1884735,-0.128892,0.23464691577700314,0.3016027195077161
Muller glia,205,1602,si:dkey-85a20.4,1.187194,1.1935105,0.23515109171086968,0.3020566367512777
Muller glia,205,1602,plp1b,1.1866254,0.5613425,0.23537541589074462,0.3021507264322781
Muller glia,205,1602,si:ch211-136m16.8,1.1847773,0.096744195,0.23610551536365987,0.3028435645885428
Muller glia,205,1602,zgc:171775,1.184493,0.6076139,0.23621798037906339,0.3028435645885428
Muller glia,205,1602,crhb,1.1785221,1.2708237,0.23858850211679605,0.3056867419818015
Muller glia,205,1602,enpp1,1.1776692,0.7214457,0.2389285137985555,0.30592639410826566
Muller glia,205,1602,cyp24a1,1.1768162,1.3020328,0.23926886719980256,0.30616617683915875
Muller glia,205,1602,tgfbi,1.1758211,0.17402254,0.23966637819085124,0.306282911426008
Muller glia,205,1602,emb,1.1758211,-0.003788666,0.23966637819085124,0.306282911426008
Muller glia,205,1602,pou3f3a,1.1726224,1.7213957,0.24094724497135767,0.30772317365435203
Muller glia,205,1602,pdgfra,1.1714852,1.5869497,0.24140382396065052,0.30810953919674605
Muller glia,205,1602,cntnap5l,1.1705611,0.22052786,0.24177524259456162,0.30838678902367556
Muller glia,205,1602,rbp4,1.1694949,0.28956538,0.24220430204851096,0.30873716003634283
Muller glia,205,1602,npb,1.1613206,2.076729,0.24551155621059606,0.31270166566733903
Muller glia,205,1602,znf1079,1.1610363,1.7001015,0.2456271583816948,0.31270166566733903
Muller glia,205,1602,slc30a8,1.155492,1.4250275,0.24788903347763613,0.3153804497170943
Muller glia,205,1602,si:dkeyp-68b7.12,1.1531463,-0.3253047,0.24885035543123268,0.316402231953252
Muller glia,205,1602,grm2a,1.1515825,-0.18855655,0.24949268318194506,0.3170173865081894
Muller glia,205,1602,CABZ01111959.1,1.1473887,1.2000613,0.2512210066763494,0.31901080212869765
Muller glia,205,1602,sebox,1.1466779,1.4752485,0.25151476882681656,0.3191811787142342
Muller glia,205,1602,cacna2d3,1.1462514,0.47604728,0.2516911410905126,0.31920246175080863
Muller glia,205,1602,gal3st1a,1.1412047,1.2547187,0.25378476405071626,0.3216536933469154
Muller glia,205,1602,rbp2a,1.1389301,0.54112095,0.2547323211430327,0.3226501851083378
Muller glia,205,1602,ch25h,1.1321774,1.3518968,0.2575598667359874,0.32589453145356856
Muller glia,205,1602,prdm8,1.1320353,0.32378045,0.25761962711404596,0.32589453145356856
Muller glia,205,1602,CR385053.3,1.1316087,-0.01989174,0.2577989659584671,0.32591525405621624
Muller glia,205,1602,c1qb,1.1308979,1.4737928,0.2580980564203388,0.32608724753043433
Muller glia,205,1602,galr2b,1.1286234,1.3555913,0.2590567624092007,0.3270918717287888
Muller glia,205,1602,ccl25b,1.1253536,0.89926606,0.26043921996635455,0.32862993055691425
Muller glia,205,1602,f5,1.1246428,-1.3356847,0.2607404284439482,0.32880255793688296
Muller glia,205,1602,sall3a,1.1014705,-0.087134264,0.2706919749534674,0.3410776764430909
Muller glia,205,1602,NPC2,1.101186,1.4312149,0.27081567509581417,0.3410776764430909
Muller glia,205,1602,spega,1.093225,0.31622455,0.2742950134279881,0.34524230765007946
Muller glia,205,1602,si:dkey-200l5.4,1.0912348,2.7447145,0.2751695984409851,0.34612528105784285
Muller glia,205,1602,hbba1,1.0858326,0.13918889,0.2775530591871853,0.34884283015382406
Muller glia,205,1602,colec12,1.0855483,0.56184006,0.27767889280244396,0.34884283015382406
Muller glia,205,1602,col4a1,1.0848374,-0.4075088,0.2779936467878794,0.3490190166828367
Muller glia,205,1602,havcr1,1.0824207,-0.5982348,0.2790656266826327,0.3501450773935165
Muller glia,205,1602,hsp70l,1.078298,-0.10509875,0.2809007793797146,0.3522266826077926
Muller glia,205,1602,ca9,1.0733224,1.4490831,0.2831265080845359,0.35479512291295223
Muller glia,205,1602,cidea,1.0714742,0.5449001,0.2839562423808406,0.3556120756178342
Muller glia,205,1602,klf2b,1.0709056,0.19541602,0.28421187610101284,0.3557094819787395
Muller glia,205,1602,best1,1.0585375,1.497828,0.2898104555559531,0.3623440446630499
Muller glia,205,1602,slc20a1a,1.0583954,1.6957066,0.28987523573043994,0.3623440446630499
Muller glia,205,1602,cryabb,1.0579689,0.98973364,0.29006963474123815,0.362360568071503
Muller glia,205,1602,ttn.2,1.0559787,1.2367804,0.2909779902349353,0.3632684022908056
Muller glia,205,1602,si:ch1073-153i20.5,1.0541306,-0.5886436,0.29182317437992467,0.3640962874359634
Muller glia,205,1602,tspan33a,1.0523535,0.94998366,0.29263740571680585,0.36488454578155344
Muller glia,205,1602,wasb,1.0487283,0.44387326,0.2943031638139153,0.36673291440986333
Muller glia,205,1602,adgrb1b,1.0456718,-0.8046484,0.29571255646647787,0.3682597216269961
Muller glia,205,1602,haao,1.0413359,0.87958175,0.29771966769620795,0.37052852233504413
Muller glia,205,1602,CT027676.1,1.0218598,-0.71913147,0.3068472862058439,0.38165085348985556
Muller glia,205,1602,c1qtnf4,1.0199406,0.4796057,0.3077566510073384,0.38254400373814595
Muller glia,205,1602,cd248b,1.0183057,2.0552282,0.3085327004773146,0.3832704353755461
Muller glia,205,1602,sparcl1,1.0051557,0.6541862,0.314821871223251,0.39084031188485535
Muller glia,205,1602,ackr3b,1.0046581,0.028496988,0.3150614828031548,0.3908951399542864
Muller glia,205,1602,dnah5l,1.0021703,0.10088516,0.3162613378327399,0.39214053048076863
Muller glia,205,1602,vsir,1.0011752,0.014983563,0.31674211851257994,0.3924933314901858
Muller glia,205,1602,si:ch211-227m13.1,0.9959863,0.32973143,0.319256810790953,0.3953644715677437
Muller glia,205,1602,rgs18,0.98902035,0.46691182,0.3226531861100753,0.3993232501362318
Muller glia,205,1602,cx47.1,0.9840447,1.1064515,0.32509354413422875,0.4020946742538389
Muller glia,205,1602,abi3bpa,0.98262304,0.34228507,0.3257929894007734,0.4027107409156655
Muller glia,205,1602,zgc:162160,0.9806328,-0.18210562,0.32677385538038173,0.4036736941079453
Muller glia,205,1602,mfng,0.97473305,0.84318054,0.3296926809359232,0.4070280011554607
Muller glia,205,1602,rsad2,0.97423553,2.024165,0.32993961672878536,0.4070815752360091
Muller glia,205,1602,pcolcea,0.9723163,0.22186169,0.3308932048865566,0.4080064178625852
Muller glia,205,1602,tnfb,0.9661323,4.8627768,0.3339779927580008,0.41155636815526897
Muller glia,205,1602,sgk2a,0.9652793,1.3869992,0.33440493162354956,0.4118287335265388
Muller glia,205,1602,nt5c2l1,0.9645685,1.9626731,0.3347609826471246,0.41201351710415335
Muller glia,205,1602,LO018287.1,0.96364444,0.5303144,0.3352242140563616,0.4123299065883907
Muller glia,205,1602,jag1a,0.9567496,-0.15407476,0.33869365826105546,0.4163413131666324
Muller glia,205,1602,im:7151449,0.94992584,2.2149138,0.3421499434444347,0.42033162585311395
Muller glia,205,1602,slc43a3b,0.94949937,1.7834882,0.342366707725256,0.4203397271028312
Muller glia,205,1602,si:ch1073-209e23.1,0.94864637,-0.32163316,0.34280049967103843,0.42061411002581406
Muller glia,205,1602,wnt8a,0.94679826,-0.83793277,0.343741586826508,0.4215102229632226
Muller glia,205,1602,havcr2,0.9455899,1.1217101,0.3443578041808859,0.42200711296677196
Muller glia,205,1602,msnb,0.93777096,-0.68378884,0.34836211627214797,0.4266529286860355
Muller glia,205,1602,sla2,0.9340037,0.8663219,0.35030198835198534,0.42876620361320117
Muller glia,205,1602,si:ch211-160j14.3,0.9297388,0.68314296,0.3525063218243648,0.4312003936689478
Muller glia,205,1602,kiaa1549lb,0.92902803,1.0069369,0.35287456235312453,0.43138699554171706
Muller glia,205,1602,zgc:103700,0.9280329,-1.2908055,0.3533905077515791,0.4317538274301516
Muller glia,205,1602,pls1,0.92632693,-0.9252942,0.354276094604674,0.43257154408385107
Muller glia,205,1602,zgc:113364,0.9227729,-0.07272833,0.35612556512530935,0.43456444798695465
Muller glia,205,1602,tbx16,0.92220426,0.5591523,0.3564220442994187,0.43466102963343745
Muller glia,205,1602,FO704673.1,0.91964537,0.36015224,0.35775812489932646,0.43602452760429794
Muller glia,205,1602,dnah5,0.9161624,1.3565954,0.359581737027422,0.4379801912636078
Muller glia,205,1602,hsp70.3,0.91474074,-0.08724212,0.3603277436685588,0.4386217208381726
Muller glia,205,1602,si:ch211-113j14.1,0.9117554,-0.3785014,0.3618975171014802,0.4402646193448665
Muller glia,205,1602,cart2,0.90770376,0.5765566,0.3640347671353319,0.44259546156271357
Muller glia,205,1602,ebf2,0.9064243,-1.153212,0.36471132447994714,0.4431486324179188
Muller glia,205,1602,slc30a2,0.90557134,2.0955577,0.365162798877239,0.4434278067726035
Muller glia,205,1602,slc7a11,0.89761025,0.6830281,0.36939337489283397,0.4482929306951869
Muller glia,205,1602,atp1b1b,0.8953357,0.040176358,0.3706076857642989,0.4494938578099441
Muller glia,205,1602,ctss2.1,0.8899335,1.0190428,0.3735015930592349,0.45272920370816355
Muller glia,205,1602,csf1ra,0.889507,1.0991762,0.37373065361926183,0.4527324695569495
Muller glia,205,1602,fcer1g,0.88836974,0.35877588,0.3743419066654088,0.45319843421962325
Muller glia,205,1602,myom1b,0.8821146,5.497611,0.3777148385700668,0.4570052493285745
Muller glia,205,1602,fn1b,0.881617,-0.29171854,0.37798394165315796,0.4570543429905175
Muller glia,205,1602,rgs2,0.87486434,0.7435413,0.3816477233049028,0.4612057079213327
Muller glia,205,1602,krt15,0.8673298,0.28314796,0.3857613548841763,0.4658953561403095
Muller glia,205,1602,col9a1a,0.8653395,-0.035463586,0.3868524799916824,0.466931176815549
Muller glia,205,1602,fabp1a,0.8591555,1.7498035,0.3902547576426648,0.47075362803699017
Muller glia,205,1602,si:zfos-1714f5.3,0.8583736,-0.51462156,0.390686222063925,0.47099002057133815
Muller glia,205,1602,nat16l,0.8515498,2.2515578,0.39446401773335904,0.47525785269079407
Muller glia,205,1602,crybb3,0.84685844,1.7734979,0.3970740260713804,0.47811442031472656
Muller glia,205,1602,CABZ01034698.1,0.8440152,0.45271578,0.3986609069690067,0.47973635014320903
Muller glia,205,1602,fabp2,0.83712035,1.7179723,0.4025249190598571,0.4836046309388154
Muller glia,205,1602,crp1,0.8369782,2.4281716,0.4026048249413886,0.4836046309388154
Muller glia,205,1602,ugt2a7,0.83640957,2.1000316,0.4029245435454719,0.4836046309388154
Muller glia,205,1602,zgc:173585,0.83640957,-0.5332613,0.4029245435454719,0.4836046309388154
Muller glia,205,1602,si:dkey-30c15.17,0.8361252,1.914524,0.40308445988750263,0.4836046309388154
Muller glia,205,1602,scn4bb,0.8354144,1.2849343,0.4034844170780324,0.48379426508157364
Muller glia,205,1602,znf1158,0.82965684,-0.15073451,0.4067328207104861,0.48720146720062923
Muller glia,205,1602,fybb,0.8295147,0.01678345,0.4068132251125254,0.48720146720062923
Muller glia,205,1602,CR762436.1,0.8288039,0.11773521,0.4072153893467618,0.48739124996620203
Muller glia,205,1602,obsl1a,0.8246101,0.3513281,0.4095929802014344,0.4899437562218115
Muller glia,205,1602,CABZ01086041.1,0.8230463,-0.17665736,0.4104816484386744,0.49066162262158736
Muller glia,205,1602,tlcd1,0.8226909,1.8454299,0.4106837781342686,0.49066162262158736
Muller glia,205,1602,plaat1,0.8216958,1.7140934,0.4112500557153854,0.49084843715018506
Muller glia,205,1602,ribc2,0.82155365,1.2214493,0.41133099033185505,0.49084843715018506
Muller glia,205,1602,col8a1b,0.82098496,1.3829645,0.4116548233244052,0.4909419479122304
Muller glia,205,1602,plek,0.820132,0.14791149,0.41214085633459885,0.49122867262765063
Muller glia,205,1602,PLCB4,0.8155828,0.5890804,0.4147387738431456,0.49403070142125743
Muller glia,205,1602,moxd1,0.81330824,-0.43544075,0.41604135501625517,0.4952873274003038
Muller glia,205,1602,glra4a,0.8068399,2.3164914,0.41975874448745254,0.4992160095177848
Muller glia,205,1602,alpi.1,0.8066977,0.6561865,0.41984066400445696,0.4992160095177848
Muller glia,205,1602,hsp90aa1.2,0.8013666,0.2793595,0.4229194229416233,0.5025780427113765
Muller glia,205,1602,wu:fj16a03,0.79795474,-0.119953915,0.424896748035942,0.5046279667885297
Muller glia,205,1602,si:ch211-67e16.11,0.79219717,-0.0046807523,0.42824570348520674,0.5083035056204234
Muller glia,205,1602,zgc:174904,0.7912731,1.108479,0.4287846169879047,0.5086413012905157
Muller glia,205,1602,rnf207b,0.790278,0.15783393,0.42936542620533635,0.5090283653886619
Muller glia,205,1602,mhc2dab,0.7857288,0.25707763,0.4320263698371085,0.511872495136979
Muller glia,205,1602,notum1b,0.78530234,-0.5712052,0.4322763221431788,0.511872495136979
Muller glia,205,1602,ildr1b,0.7838807,0.14298919,0.43311010110162484,0.5125563326646448
Muller glia,205,1602,si:ch73-335m24.2,0.7778388,1.0035082,0.4366640253269214,0.5164565645498774
Muller glia,205,1602,npy,0.7698067,-0.09583504,0.44141456699730774,0.5217666276563921
Muller glia,205,1602,ENSDARG00000105976,0.7672478,3.225042,0.44293420859332233,0.5228356838757966
Muller glia,205,1602,olfml3b,0.7672478,3.75192,0.44293420859332233,0.5228356838757966
Muller glia,205,1602,mylka,0.7669635,1.3689339,0.4431032420847376,0.5228356838757966
Muller glia,205,1602,slco1e1,0.76397806,1.1858486,0.4448803183575518,0.5246230169310753
Muller glia,205,1602,tm4sf18,0.76284075,1.7904515,0.4455583674963488,0.5249535538740523
Muller glia,205,1602,cldnk,0.76262754,0.45665237,0.4456855672390704,0.5249535538740523
Muller glia,205,1602,cdh16,0.75360024,1.4931475,0.4510893005139649,0.5310056509875984
Muller glia,205,1602,slc4a1a,0.7518943,1.8643873,0.45211462824577564,0.531899562642089
Muller glia,205,1602,cd9b,0.7500462,0.21823463,0.45322688500625463,0.5328946325764311
Muller glia,205,1602,slc7a2,0.73938406,-0.09527336,0.4596738251745772,0.5401572563743563
Muller glia,205,1602,pappab,0.7368251,2.0083892,0.4612286958365056,0.5416661137246102
Muller glia,205,1602,ninj2,0.7321338,0.11155568,0.46408691003933444,0.5447029460555569
Muller glia,205,1602,marcksl1b,0.7302146,0.37350747,0.4652590155184917,0.5457583759747703
Muller glia,205,1602,marco,0.72957486,-0.2016028,0.46565008272453523,0.5457808423870415
Muller glia,205,1602,shha,0.72929054,-0.69025433,0.4658239489773399,0.5457808423870415
Muller glia,205,1602,slc16a1a,0.72381735,-0.05206499,0.4691778939848632,0.5493886346426969
Muller glia,205,1602,lratb.2,0.72331977,1.8830469,0.469483458964564,0.5494247618075646
Muller glia,205,1602,si:ch211-59p23.1,0.7223246,-0.031216392,0.4700949188655408,0.5497015809056728
Muller glia,205,1602,ccl34b.4,0.7220403,0.07990681,0.47026970246480304,0.5497015809056728
Muller glia,205,1602,si:zfos-741a10.3,0.7175622,0.6678782,0.47302727327981364,0.5525560139559675
Muller glia,205,1602,c1qa,0.7167092,0.23448737,0.47355353194266414,0.5525560139559675
Muller glia,205,1602,cd226,0.7162827,0.36426765,0.4738167819672422,0.5525560139559675
Muller glia,205,1602,ANKFN1,0.7162827,0.5791394,0.4738167819672422,0.5525560139559675
Muller glia,205,1602,nmu,0.7085349,1.8952352,0.4786131368394294,0.5571112272812678
Muller glia,205,1602,mhc2b,0.70768195,-0.8881119,0.47914279185757036,0.5571112272812678
Muller glia,205,1602,zgc:92287,0.70768195,1.2931149,0.47914279185757036,0.5571112272812678
Muller glia,205,1602,rgs13,0.7075398,0.0805381,0.4792310987920997,0.5571112272812678
Muller glia,205,1602,c6,0.7075398,1.6845428,0.4792310987920997,0.5571112272812678
Muller glia,205,1602,hif1al2,0.7072555,0.4591309,0.47940773930871927,0.5571112272812678
Muller glia,205,1602,erfl1,0.70682895,-0.32288766,0.4796727666891716,0.5571112272812678
Muller glia,205,1602,rbp1.1,0.6921863,-0.08564971,0.48882034232997906,0.5667302180047594
Muller glia,205,1602,npsn,0.6921863,0.14839807,0.48882034232997906,0.5667302180047594
Muller glia,205,1602,sult1st5,0.69204414,0.7472224,0.48890961214999873,0.5667302180047594
Muller glia,205,1602,avpr1ab,0.6917598,-0.4224089,0.48908817813810734,0.5667302180047594
Muller glia,205,1602,zgc:194246,0.68067116,0.30652303,0.49607957370578337,0.5744986377600271
Muller glia,205,1602,CABZ01102039.1,0.67811227,0.6373693,0.4977005116815413,0.5759176284329203
Muller glia,205,1602,sfrp2,0.67782795,1.3566892,0.4978807897802596,0.5759176284329203
Muller glia,205,1602,ltk,0.6653177,-0.5713146,0.5058473127591887,0.5847945812244956
Muller glia,205,1602,pyya,0.6634696,1.2062439,0.5070298469402357,0.5858001680902786
Muller glia,205,1602,si:ch73-236e11.2,0.6630431,1.8560714,0.5073029455661813,0.5858001680902786
Muller glia,205,1602,eya4,0.662048,-0.059929952,0.5079404760125619,0.5861978949943011
Muller glia,205,1602,ccl38.1,0.65394473,1.9839429,0.5131474039703978,0.5918655178435961
Muller glia,205,1602,rasl12,0.6491113,0.72467524,0.5162664759905002,0.5951198570495679
Muller glia,205,1602,cox6a2,0.6469788,0.6346104,0.5176456556043114,0.5963659626777781
Muller glia,205,1602,timd4,0.63923097,4.3921833,0.5226726748093833,0.6015441238220623
Muller glia,205,1602,CABZ01084081.1,0.6390888,1.0743405,0.5227651474211203,0.6015441238220623
Muller glia,205,1602,ccl36.1,0.63866234,1.2562627,0.5230426156632833,0.6015441238220623
Muller glia,205,1602,slc39a4,0.63375777,0.091285564,0.526238925733338,0.6045249003254888
Muller glia,205,1602,itga1,0.63375777,0.98586565,0.526238925733338,0.6045249003254888
Muller glia,205,1602,cdaa,0.6327626,0.9120788,0.5268886682113035,0.6049238441002337
Muller glia,205,1602,spag1b,0.63148314,-0.7570859,0.5277246527058712,0.6055360329384638
Muller glia,205,1602,TCIM,0.6264364,-0.30657688,0.5310287284230536,0.608977899567722
Muller glia,205,1602,col1a1a,0.62437505,1.7781748,0.532381292755463,0.609637828507609
Muller glia,205,1602,si:ch73-248e21.5,0.6238064,1.4898083,0.5327547206486398,0.609637828507609
Muller glia,205,1602,tmem37,0.6238064,2.3528311,0.5327547206486398,0.609637828507609
Muller glia,205,1602,nmt1b,0.6235221,0.62601787,0.5329414842828728,0.609637828507609
Muller glia,205,1602,ccr9a,0.6232378,0.86659837,0.5331282810299041,0.609637828507609
Muller glia,205,1602,si:ch211-222e20.4,0.6179778,0.044632606,0.5365899821536227,0.6132166252301163
Muller glia,205,1602,gdpd3b,0.6175513,-0.22566667,0.5368711553889668,0.6132166252301163
Muller glia,205,1602,mfap4,0.60909265,3.0638325,0.5424630180940244,0.619250020655279
Muller glia,205,1602,col6a1,0.605041,0.53958005,0.5451517199527794,0.621547385281313
Muller glia,205,1602,cacng4a,0.6047567,1.1902643,0.5453406489089048,0.621547385281313
Muller glia,205,1602,acot11b,0.60433024,0.8385825,0.5456241032560201,0.621547385281313
Muller glia,205,1602,zgc:64065-1,0.6041881,0.18196386,0.5457186042769928,0.621547385281313
Muller glia,205,1602,slc45a2,0.59452105,0.19961952,0.5521636529175055,0.6283888253017932
Muller glia,205,1602,trim16,0.59423673,1.4331144,0.5523537774402763,0.6283888253017932
Muller glia,205,1602,actb2,0.58826596,0.4917824,0.5563537980007527,0.6325796452538405
Muller glia,205,1602,cxcl20,0.5869865,-1.6130012,0.5572127795583118,0.6331963404071725
Muller glia,205,1602,si:ch211-131k2.3,0.57952297,1.9052147,0.5622363379173375,0.6374946715784301
Muller glia,205,1602,si:ch1073-75f15.2,0.57923865,0.4393814,0.5624281433165017,0.6374946715784301
Muller glia,205,1602,si:dkey-46i9.6,0.5790965,0.46658206,0.5625240578634613,0.6374946715784301
Muller glia,205,1602,mthfd1a,0.5790965,-0.25074384,0.5625240578634613,0.6374946715784301
Muller glia,205,1602,rbm24a,0.5788122,0.0048924875,0.5627159106456947,0.6374946715784301
Muller glia,205,1602,myh11a,0.57852787,-0.08376124,0.5629077950037538,0.6374946715784301
Muller glia,205,1602,col11a1b,0.56708384,-1.1337895,0.5706572318785949,0.6459051860538708
Muller glia,205,1602,bves,0.56438273,0.5378785,0.5724936768536775,0.6469198290875541
Muller glia,205,1602,hsd11b1la,0.5642406,0.24494484,0.5725904095413028,0.6469198290875541
Muller glia,205,1602,gp1bb,0.56395626,0.34852585,0.5727838981939611,0.6469198290875541
Muller glia,205,1602,slc38a11,0.5638141,-0.38918388,0.5728806541563278,0.6469198290875541
Muller glia,205,1602,penka,0.56338763,0.45339116,0.5731709685715729,0.6469198290875541
Muller glia,205,1602,tnfrsf18,0.5545736,4.7889495,0.5791863660791698,0.6530818839109369
Muller glia,205,1602,BX323596.2,0.55443144,1.3522167,0.579283631029001,0.6530818839109369
Muller glia,205,1602,lft2,0.5495268,0.82775265,0.5826439573161106,0.6564601227525422
Muller glia,205,1602,si:dkey-5n18.1,0.54910034,-0.19291335,0.5829365890042575,0.6564601227525422
Muller glia,205,1602,si:dkey-262k9.2,0.53637683,2.044654,0.5916981247303363,0.6659517442097201
Muller glia,205,1602,slc13a4,0.5272785,-1.3823417,0.5980002076449407,0.6726661503317668
Muller glia,205,1602,BX000363.1,0.52486175,1.5884053,0.5996793081087801,0.6740190894296209
Muller glia,205,1602,si:dkey-30j10.5,0.52457744,0.96845555,0.5998769895923626,0.6740190894296209
Muller glia,205,1602,ttn.1,0.52066797,0.19861902,0.6025980950909713,0.6764277767011198
Muller glia,205,1602,ccl38.6,0.5205258,-0.780288,0.6026971490406977,0.6764277767011198
Muller glia,205,1602,b3gnt7,0.51021904,2.1678538,0.6098979975403491,0.6838054857939213
Muller glia,205,1602,fhl2a,0.5100769,1.0403756,0.6099975863418279,0.6838054857939213
Muller glia,205,1602,csf1rb,0.5096504,0.2967764,0.6102963960710748,0.6838054857939213
Muller glia,205,1602,ms4a17a.10,0.5062385,0.48110914,0.6126892089330404,0.6861021376629791
Muller glia,205,1602,sytl2a,0.50510126,0.67208225,0.6134877334671653,0.6866119009145667
Muller glia,205,1602,CABZ01027646.1,0.5043904,-0.97352785,0.6139870443563349,0.6867864030831486
Muller glia,205,1602,ecrg4a,0.49756664,-1.8246757,0.6187895113167818,0.6917713933111033
Muller glia,205,1602,il2rb,0.49529207,0.09352801,0.6203939716074613,0.6927399659006183
Muller glia,205,1602,ccdc13,0.49486557,-0.12490611,0.620695009446954,0.6927399659006183
Muller glia,205,1602,zgc:123107,0.49486557,0.37107438,0.620695009446954,0.6927399659006183
Muller glia,205,1602,col6a3-1,0.49052963,-0.4141512,0.6237591605013909,0.6957715119926279
Muller glia,205,1602,fbln2,0.4888237,-1.7891955,0.6249665189401273,0.6967296755185366
Muller glia,205,1602,CR855257.2,0.48079154,1.526183,0.6306646560175355,0.702470764566407
Muller glia,205,1602,epb41b,0.4802229,0.9578243,0.6310689029699644,0.702470764566407
Muller glia,205,1602,ccr10,0.48008075,0.23749362,0.6311699819629166,0.702470764566407
Muller glia,205,1602,gsta.2,0.4664332,1.9829314,0.6409054529322102,0.7125693367411496
Muller glia,205,1602,CU929402.1,0.46572238,-0.16121066,0.6414142243564324,0.7125693367411496
Muller glia,205,1602,si:ch211-207c6.2,0.46543807,0.6299959,0.6416177801038218,0.7125693367411496
Muller glia,205,1602,def6b,0.46501157,-0.6202057,0.6419231642321701,0.7125693367411496
Muller glia,205,1602,clic5a,0.4648694,-0.18012851,0.6420249724037759,0.7125693367411496
Muller glia,205,1602,cyp46a1.1,0.46074674,-1.4968357,0.6449803296704746,0.7153385426771856
Muller glia,205,1602,col28a1a,0.4603913,0.051577333,0.6452353654948214,0.7153385426771856
Muller glia,205,1602,slc2a11a,0.45911187,-2.3710716,0.6461538398353712,0.7159599333355914
Muller glia,205,1602,si:ch211-207b24.4,0.45548674,20.424313,0.6487591106340567,0.7180510355661944
Muller glia,205,1602,cd28,0.45548674,21.180256,0.6487591106340567,0.7180510355661944
Muller glia,205,1602,angptl3,0.45235917,-2.0602517,0.6510102557660632,0.7201440882367955
Muller glia,205,1602,hdr,0.45051107,-0.81685865,0.6523419770962434,0.7212183273590309
Muller glia,205,1602,fgl2a,0.4499424,-1.4356871,0.652751960834946,0.7212728849004928
Muller glia,205,1602,csrp1b,0.44119945,7.092821,0.6590686033441868,0.7267000458743323
Muller glia,205,1602,pck2,0.44091514,7.050365,0.6592744345849861,0.7267000458743323
Muller glia,205,1602,zgc:163057,0.44063082,1.657053,0.6594802916309566,0.7267000458743323
Muller glia,205,1602,terb1,0.44063082,3.986633,0.6594802916309566,0.7267000458743323
Muller glia,205,1602,gp9,0.44063082,3.5810025,0.6594802916309566,0.7267000458743323
Muller glia,205,1602,si:ch211-152c8.2,0.4370057,0.7311252,0.6621072251655005,0.7291321414707607
Muller glia,205,1602,cdk4,0.43572623,-1.1200275,0.6630353740023921,0.7294118525878901
Muller glia,205,1602,itgae.1,0.43011084,-1.506602,0.6671150203482255,0.7334964489810065
Muller glia,205,1602,hoxa11a,0.42634353,5.0382466,0.6698575340667935,0.7341422586193561
Muller glia,205,1602,cbln13,0.42620137,4.2782044,0.6699611116678035,0.7341422586193561
Muller glia,205,1602,si:dkey-27h10.2,0.42605922,2.4509912,0.6700646955447289,0.7341422586193561
Muller glia,205,1602,hbba2,0.42605922,0.27381456,0.6700646955447289,0.7341422586193561
Muller glia,205,1602,h2af1al,0.42605922,1.0848871,0.6700646955447289,0.7341422586193561
Muller glia,205,1602,arsia,0.4257749,-0.079757564,0.6702718821194722,0.7341422586193561
Muller glia,205,1602,trpm5,0.4257749,0.4677782,0.6702718821194722,0.7341422586193561
Muller glia,205,1602,ccl35.1,0.4220787,0.9070229,0.6729675851545434,0.736566724194565
Muller glia,205,1602,zgc:112234-1,0.42151004,-0.03747274,0.6733826830207817,0.736566724194565
Muller glia,205,1602,dao.3,0.42122573,-0.57954866,0.6735902692759297,0.736566724194565
Muller glia,205,1602,ugt5e1,0.42065707,-0.76111066,0.6740055163612743,0.7366180506680593
Muller glia,205,1602,si:ch211-161f7.2,0.4200884,-1.3863201,0.6744208627879393,0.736669429588137
Muller glia,205,1602,itih1,0.41710302,0.30378354,0.6766030569586201,0.7386496255006769
Muller glia,205,1602,selenou1b,0.41340682,0.19394965,0.6793085865417414,0.7411986759866246
Muller glia,205,1602,stc1,0.41134545,0.6388302,0.6808192386105625,0.7421509196825954
Muller glia,205,1602,slc13a3,0.4112033,1.2261393,0.6809234688087813,0.7421509196825954
Muller glia,205,1602,adamtsl3,0.40786248,0.38003203,0.6833746287658976,0.7444168069345289
Muller glia,205,1602,matn3b,0.40686736,0.027231684,0.6841054085990133,0.7446292243965196
Muller glia,205,1602,LO017877.2,0.40658304,-0.67987144,0.6843142572204015,0.7446292243965196
Muller glia,205,1602,slc24a5,0.39691603,1.2243453,0.6914293838107607,0.74979253576729
Muller glia,205,1602,si:dkey-57l19.1,0.39691603,1.2977488,0.6914293838107607,0.74979253576729
Muller glia,205,1602,si:dkey-33i11.9,0.39677387,1.8903852,0.6915342234827043,0.74979253576729
Muller glia,205,1602,si:dkey-40j3.3,0.39663172,-0.025603263,0.6916390690684149,0.74979253576729
Muller glia,205,1602,thrap3a,0.39620522,-0.13528158,0.6919536412902897,0.74979253576729
Muller glia,205,1602,rhd,0.39620522,-0.61701095,0.6919536412902897,0.74979253576729
Muller glia,205,1602,si:ch73-361p23.3,0.39606306,-0.5230415,0.6920585105132087,0.74979253576729
Muller glia,205,1602,si:dkey-224e22.2,0.39606306,-0.5166699,0.6920585105132087,0.74979253576729
Muller glia,205,1602,si:ch211-102c2.4,0.3917982,-1.8587048,0.6952073249055231,0.7527962370390071
Muller glia,205,1602,zgc:172053,0.38220227,1.92381,0.702311336741196,0.7596429524111895
Muller glia,205,1602,ca12,0.3816336,0.2069929,0.7027331399588468,0.7596429524111895
Muller glia,205,1602,si:ch1073-214b20.2,0.3816336,0.26202387,0.7027331399588468,0.7596429524111895
Muller glia,205,1602,si:ch211-196f2.6,0.38120714,-0.19283383,0.7030495524565559,0.7596429524111895
Muller glia,205,1602,zgc:56585,0.37800848,0.9463357,0.7054242826404218,0.7617972814691379
Muller glia,205,1602,si:dkey-246g23.4,0.36819932,1.9011744,0.7127246138403538,0.769265638251866
Muller glia,205,1602,slco1f3,0.3672042,-0.4120738,0.7134667131155594,0.7696512547093413
Muller glia,205,1602,fap,0.36635122,-0.928434,0.7141030141059082,0.7699223871761813
Muller glia,205,1602,myom2a,0.3519218,0.056118425,0.7248969194558872,0.7806424078934073
Muller glia,205,1602,hsc70,0.3514953,-0.6261678,0.7252167969329755,0.7806424078934073
Muller glia,205,1602,tmem51a,0.3376345,-1.096279,0.7356386281619305,0.790735138546497
Muller glia,205,1602,zgc:66483,0.33749235,0.18228951,0.7357457750489882,0.790735138546497
Muller glia,205,1602,si:dkeyp-1h4.6,0.33720803,-0.037520807,0.735960084243813,0.790735138546497
Muller glia,205,1602,ampd1,0.33692372,-0.9977603,0.7361744139867887,0.790735138546497
Muller glia,205,1602,spdya,0.3239159,-0.607516,0.7460017117293074,0.8008606674496054
Muller glia,205,1602,sema3ga,0.32320508,0.70503217,0.7465399317329939,0.8010085104431265
Muller glia,205,1602,zgc:110789,0.31247187,0.7421266,0.7546819461567134,0.807925137009795
Muller glia,205,1602,susd1,0.3123297,2.9634101,0.754789972820377,0.807925137009795
Muller glia,205,1602,cxcr1,0.31204537,0.558654,0.7550060405356533,0.807925137009795
Muller glia,205,1602,si:dkey-183p4.10,0.31204537,2.1528873,0.7550060405356533,0.807925137009795
Muller glia,205,1602,admb,0.31204537,-1.4241762,0.7550060405356533,0.807925137009795
Muller glia,205,1602,cyp2p9,0.308207,0.13660339,0.757924824597302,0.8106147856655637
Muller glia,205,1602,sp100.2,0.30721188,-1.6628687,0.7586821119456099,0.8107890195714318
Muller glia,205,1602,gpnmb,0.30692753,-3.3831859,0.7588985223188602,0.8107890195714318
Muller glia,205,1602,CU138547.1,0.28304434,0.16345796,0.7771428433295958,0.8276517064802853
Muller glia,205,1602,calca,0.28290218,0.136847,0.7772518204843976,0.8276517064802853
Muller glia,205,1602,si:ch211-103n10.5,0.28276002,-0.5125957,0.7773608020221212,0.8276517064802853
Muller glia,205,1602,snai1b,0.28261787,-0.38429204,0.7774697879407402,0.8276517064802853
Muller glia,205,1602,CR847543.1,0.28261787,0.4503995,0.7774697879407402,0.8276517064802853
Muller glia,205,1602,si:ch1073-70f20.1,0.2824757,-1.2209741,0.7775787782382281,0.8276517064802853
Muller glia,205,1602,c5,0.2824757,0.23674847,0.7775787782382281,0.8276517064802853
Muller glia,205,1602,si:dkey-109a10.2,0.27863732,-0.124411866,0.7805231640706118,0.8303437915644807
Muller glia,205,1602,zgc:153012,0.26854384,0.62800527,0.7882807405392949,0.8374929072509707
Muller glia,205,1602,CR293511.1,0.26840168,2.9236414,0.78839015427058,0.8374929072509707
Muller glia,205,1602,zap70,0.2682595,0.9100931,0.7884995721767889,0.8374929072509707
Muller glia,205,1602,tfr1a,0.26769087,-2.1020305,0.7889372855098163,0.8375130419424802
Muller glia,205,1602,zgc:158482,0.2533325,-1.0914361,0.8000112772029615,0.8487177469239217
Muller glia,205,1602,si:busm1-194e12.11,0.25290602,-0.6420848,0.800340835349258,0.8487177469239217
Muller glia,205,1602,zgc:171500,0.23897415,-0.53848785,0.8111256225010544,0.8596985930058869
Muller glia,205,1602,shhb,0.23812118,-3.3795297,0.8117871040903535,0.8599439661974084
Muller glia,205,1602,si:dkey-120c6.5,0.22774337,19.767277,0.819845756938023,0.8671028629698815
Muller glia,205,1602,adrb3a,0.22774337,18.90636,0.819845756938023,0.8671028629698815
Muller glia,205,1602,gltpd2,0.22774337,20.767437,0.819845756938023,0.8671028629698815
Muller glia,205,1602,runx3,0.22347851,-1.46101,0.8231631075043937,0.869808495143832
Muller glia,205,1602,dmgdh,0.22333635,-2.659431,0.823273740653637,0.869808495143832
Muller glia,205,1602,or132-2,0.21331394,4.9015455,0.8310821066139308,0.8750567029980841
Muller glia,205,1602,si:dkey-31n13.4,0.21331394,5.067996,0.8310821066139308,0.8750567029980841
Muller glia,205,1602,zgc:92749,0.21317177,4.935341,0.8311929855509421,0.8750567029980841
Muller glia,205,1602,rhag,0.21302961,0.72958624,0.8313038678481799,0.8750567029980841
Muller glia,205,1602,matn4,0.21302961,-0.24025027,0.8313038678481799,0.8750567029980841
Muller glia,205,1602,slc22a13b,0.21302961,2.01081,0.8313038678481799,0.8750567029980841
Muller glia,205,1602,si:ch211-266g18.10,0.21302961,0.8256017,0.8313038678481799,0.8750567029980841
Muller glia,205,1602,kiss1rb,0.20926231,-2.1147127,0.8342434656982358,0.8775777047183002
Muller glia,205,1602,ch25hl1.1,0.20883584,-1.850869,0.8345763971871034,0.8775777047183002
Muller glia,205,1602,CABZ01039782.1,0.19874234,3.395692,0.842464303499873,0.883899265350771
Muller glia,205,1602,scpp1,0.19831586,1.0597657,0.8427979495119602,0.883899265350771
Muller glia,205,1602,cryba1l1,0.19831586,1.6881611,0.8427979495119602,0.883899265350771
Muller glia,205,1602,si:dkey-18p12.4,0.19831586,1.918198,0.8427979495119602,0.883899265350771
Muller glia,205,1602,si:ch211-214p13.9,0.19831586,-0.41503862,0.8427979495119602,0.883899265350771
Muller glia,205,1602,ccr2-1,0.18431291,3.4289715,0.8537679904788638,0.8927122455063128
Muller glia,205,1602,si:dkey-242e21.3,0.18402858,2.497407,0.8539910331162706,0.8927122455063128
Muller glia,205,1602,sstr1a,0.18388642,-1.3431432,0.8541025588125837,0.8927122455063128
Muller glia,205,1602,nkx2.2a,0.18388642,-0.082522646,0.8541025588125837,0.8927122455063128
Muller glia,205,1602,f13a1a.1,0.18374425,-1.1333876,0.8542140874243999,0.8927122455063128
Muller glia,205,1602,si:ch211-194m7.3,0.18374425,1.7766491,0.8542140874243999,0.8927122455063128
Muller glia,205,1602,cdh23,0.1836021,-1.1444455,0.8543256189495413,0.8927122455063128
Muller glia,205,1602,slc6a4b,0.1690305,0.9275424,0.8657726504108036,0.9033745139854457
Muller glia,205,1602,si:ch211-262i1.3,0.16888835,-1.4518661,0.8658844716550497,0.9033745139854457
Muller glia,205,1602,si:ch211-237a4.2-2,0.16888835,-1.2448759,0.8658844716550497,0.9033745139854457
Muller glia,205,1602,ugt5g2,0.16490781,-1.4689306,0.8690165484975791,0.90616949791197
Muller glia,205,1602,cort,0.164197,-3.0583985,0.8695760657440036,0.9062804228702487
Muller glia,205,1602,obscna,0.15417458,-0.45545357,0.8774720830996556,0.9135576086409741
Muller glia,205,1602,hbae5,0.15417458,-0.8635191,0.8774720830996556,0.9135576086409741
Muller glia,205,1602,tac3a,0.14002948,0.61535054,0.8886367037929391,0.9236090184874014
Muller glia,205,1602,caspb,0.13974515,-1.3515483,0.8888613525614574,0.9236090184874014
Muller glia,205,1602,slc16a6a,0.13960299,-1.1489685,0.8889736802941238,0.9236090184874014
Muller glia,205,1602,ifitm1,0.13960299,-0.7585822,0.8889736802941238,0.9236090184874014
Muller glia,205,1602,nkl.1,0.12531571,0.5152867,0.9002736106098903,0.9332759010467923
Muller glia,205,1602,gda,0.12517355,-0.36725837,0.9003861532413542,0.9332759010467923
Muller glia,205,1602,valopa,0.1250314,-1.6146835,0.9004986978755218,0.9332759010467923
Muller glia,205,1602,tph1b,0.12488923,-1.1479731,0.9006112445101545,0.9332759010467923
Muller glia,205,1602,ccl34b.8,0.113871686,18.182026,0.9093395131866042,0.9379468934364148
Muller glia,205,1602,slc6a22.2,0.113871686,17.60808,0.9093395131866042,0.9379468934364148
Muller glia,205,1602,cd8a,0.113871686,17.508057,0.9093395131866042,0.9379468934364148
Muller glia,205,1602,slc9a1b,0.113871686,18.182026,0.9093395131866042,0.9379468934364148
Muller glia,205,1602,hamp,0.113871686,19.992672,0.9093395131866042,0.9379468934364148
Muller glia,205,1602,si:ch211-197g15.10,0.113871686,18.553679,0.9093395131866042,0.9379468934364148
Muller glia,205,1602,zgc:112492,0.113871686,18.640366,0.9093395131866042,0.9379468934364148
Muller glia,205,1602,lect2l,0.113871686,20.606731,0.9093395131866042,0.9379468934364148
Muller glia,205,1602,alas2,0.113871686,20.384733,0.9093395131866042,0.9379468934364148
Muller glia,205,1602,cxcl11.6-1,0.09922901,-2.5738118,0.9209564440986286,0.9469989142402351
Muller glia,205,1602,si:ch211-276a23.5,0.09922901,-0.6122093,0.9209564440986286,0.9469989142402351
Muller glia,205,1602,si:ch1073-220m6.1,0.09922901,-0.17079988,0.9209564440986286,0.9469989142402351
Muller glia,205,1602,slc13a1,0.09922901,1.8674728,0.9209564440986286,0.9469989142402351
Muller glia,205,1602,si:dkeyp-73d8.9,0.09922901,2.7663343,0.9209564440986286,0.9469989142402351
Muller glia,205,1602,CR388195.1,0.09922901,-1.4849846,0.9209564440986286,0.9469989142402351
Muller glia,205,1602,si:dkey-49n23.3,0.095603876,-1.3501031,0.9238351845507998,0.9494708988189104
Muller glia,205,1602,si:ch73-55i23.1,0.08458633,-3.1020138,0.9325902661243034,0.9555228136519502
Muller glia,205,1602,flt3,0.08458633,-0.56468505,0.9325902661243034,0.9555228136519502
Muller glia,205,1602,rell2,0.08458633,-1.450702,0.9325902661243034,0.9555228136519502
Muller glia,205,1602,ano9b,0.08458633,-0.81837505,0.9325902661243034,0.9555228136519502
Muller glia,205,1602,col8a2,0.08458633,-0.48985088,0.9325902661243034,0.9555228136519502
Muller glia,205,1602,si:dkey-79f11.10,0.07022798,1.0612268,0.9440122050342188,0.9654790451175792
Muller glia,205,1602,tbr1b,0.070085816,0.34243703,0.944125355015916,0.9654790451175792
Muller glia,205,1602,cxcl19,0.070085816,0.1467359,0.944125355015916,0.9654790451175792
Muller glia,205,1602,lrata,0.06994366,-3.7783356,0.9442385061249925,0.9654790451175792
Muller glia,205,1602,mitfa,0.05544314,-3.2610438,0.9557854266819604,0.9725452061354143
Muller glia,205,1602,fabp10b,0.05530098,-2.0719008,0.9558986817113465,0.9725452061354143
Muller glia,205,1602,cyp2y3,0.05530098,-3.2560563,0.9558986817113465,0.9725452061354143
Muller glia,205,1602,hmgn2,0.055158816,0.19436716,0.9560119376311123,0.9725452061354143
Muller glia,205,1602,ugt8,0.041226953,-0.16973816,0.9671149678129578,0.979320144565019
Muller glia,205,1602,si:dkey-93h22.7,0.040800467,-2.329876,0.9674549680875763,0.979320144565019
Muller glia,205,1602,myoz2a,0.040800467,-2.4795573,0.9674549680875763,0.979320144565019
Muller glia,205,1602,gsx2,0.040658303,-3.5968509,0.9675683028302388,0.979320144565019
Muller glia,205,1602,si:dkey-194e6.1,0.040658303,-2.016869,0.9675683028302388,0.979320144565019
Muller glia,205,1602,kcnq4,0.040658303,-2.4156291,0.9675683028302388,0.979320144565019
Muller glia,205,1602,krt91,0.026442114,-0.11557574,0.9789047040341308,0.9887926303375059
Muller glia,205,1602,sod3a,0.012368086,1.4079827,0.9901319471794484,0.9981168822373472
Muller glia,205,1602,tmem72,0.011515114,-3.4107285,0.9908124713527879,0.9982997192471414
Muller glia,205,1602,zgc:172143,0.0,0.0,1.0,1.0
Muller glia,205,1602,si:dkey-21e2.12-1,0.0,0.0,1.0,1.0
Muller glia,205,1602,mpx,0.0,0.0,1.0,1.0
Muller glia,205,1602,nkl.3,0.0,0.0,1.0,1.0
Muller glia,205,1602,cxcr3.1-1,0.0,0.0,1.0,1.0
Muller glia,205,1602,fgf16,0.0,0.0,1.0,1.0
Muller glia,205,1602,hbaa2,0.0,0.0,1.0,1.0
Muller glia,205,1602,tppp,0.0,0.0,1.0,1.0
Muller glia,205,1602,th,0.0,0.0,1.0,1.0
Muller glia,205,1602,spp1,0.0,0.0,1.0,1.0
Muller glia,205,1602,klf17,0.0,0.0,1.0,1.0
Muller glia,205,1602,clec14a,0.0,0.0,1.0,1.0
Muller glia,205,1602,epor,0.0,0.0,1.0,1.0
Muller glia,205,1602,si:dkey-21e2.10,0.0,0.0,1.0,1.0
Muller glia,205,1602,ENSDARG00000112015,-0.0032697236,-4.026628,0.9973911425641299,1.0
Muller glia,205,1602,si:dkeyp-73d8.8,-0.014571595,-17.322353,0.9883739608364828,0.9968471617110265
Muller glia,205,1602,si:ch211-263k4.2-1,-0.014571595,-15.992672,0.9883739608364828,0.9968471617110265
Muller glia,205,1602,si:dkey-165o8.2,-0.014571595,-16.314215,0.9883739608364828,0.9968471617110265
Muller glia,205,1602,gata1a,-0.02914319,-19.0908,0.9767503899401503,0.9871150984741286
Muller glia,205,1602,hbbe2,-0.02914319,-20.125834,0.9767503899401503,0.9871150984741286
Muller glia,205,1602,gabrr2b,-0.02914319,-20.578587,0.9767503899401503,0.9871150984741286
Muller glia,205,1602,pip4k2cb,-0.043714784,-21.560936,0.9651317540062219,0.979320144565019
Muller glia,205,1602,mttp,-0.043714784,-20.646976,0.9651317540062219,0.979320144565019
Muller glia,205,1602,ccl34a.4,-0.043714784,-21.52713,0.9651317540062219,0.979320144565019
Muller glia,205,1602,zgc:172128,-0.04705559,-4.5643077,0.9624689226486538,0.9786160881023425
Muller glia,205,1602,cxcl11.1,-0.05828638,-21.207348,0.9535205165876536,0.9719882941770169
Muller glia,205,1602,nefmb,-0.05828638,-20.266531,0.9535205165876536,0.9719882941770169
Muller glia,205,1602,plvapa,-0.05828638,-22.013105,0.9535205165876536,0.9719882941770169
Muller glia,205,1602,tnfsf14,-0.05828638,-20.634832,0.9535205165876536,0.9719882941770169
Muller glia,205,1602,C7H4orf54,-0.05828638,-22.10447,0.9535205165876536,0.9719882941770169
Muller glia,205,1602,inpp5ja,-0.05828638,-20.31152,0.9535205165876536,0.9719882941770169
Muller glia,205,1602,tal1,-0.08742957,-21.91724,0.9303300664003243,0.9555228136519502
Muller glia,205,1602,si:dkey-26m3.1,-0.13114436,-21.449099,0.8956611146619944,0.9300738470010326
Muller glia,205,1602,mt-co2,-0.35341448,0.012792643,0.7237777266730692,0.7799328951218417
Muller glia,205,1602,stmn1b,-0.4365792,0.07410469,0.6624165505261861,0.7291321414707607
Muller glia,205,1602,zgc:158463,-3.205822,-0.25963867,0.0013467728982126657,0.002484820845410822
